player,team,position,archetype,age,nationality,is_starter,minutes_played,specialties,preferred_foot,is_set_piece_taker,sub_in,sub_out,soul_archetype,soul_tier,soul_greatness,soul_omega,home_or_away,venue,goals,assists,own_goals,open_play_goals,headed_goals,left_foot_goals,right_foot_goals,open_play_assists,setpiece_assists,pen_goals,pen_missed,shots_on_target,shots_off_target,shots_blocked_att,hit_woodwork,shots_inside_box,shots_outside_box,big_chances_scored,big_chances_missed,big_chances_received,xg,xa,xg_open_play,xg_setpiece,xg_penalty,xa_open_play,xa_setpiece,npxg,passes_attempted,passes_completed,short_passes_att,short_passes_comp,long_passes_att,long_passes_comp,progressive_passes,passes_own_third,passes_mid_third,passes_final_third,passes_opp_box,shot_assists,through_balls_att,through_balls_comp,switches_of_play,passes_under_pressure,forward_passes,backward_passes,sideways_passes,line_breaking_passes,passes_right_foot,passes_left_foot,passes_head,chipped_passes,headed_passes,run_advance,run_overlap,run_underlap,run_far_side,run_forward,run_support,runs_observed_total,runs_intended_total,crosses_att,crosses_comp,crosses_open_play_att,crosses_open_play_comp,crosses_corners_att,crosses_corners_comp,crosses_box_att,crosses_box_comp,carries,progressive_carries,carries_own_half,carries_opp_half,carry_distance,progressive_carry_distance,longest_progressive_carry,final_third_carries,carries_opp_box,carries_own_box,runs_without_ball,dribbles_att,dribbles_comp,dribbles_own_half,dribbles_mid_third,dribbles_final_third,dribbles_to_box,dribble_distance,chances_created,big_chances_created,open_play_cc,setpiece_cc,tackles_att,tackles_won,tackles_sliding,tackles_standing,interceptions,clearances,blocks,blocked_shots,blocked_passes,blocked_crosses,recoveries,ball_recoveries,pressures,press_success,aerial_duels_att,aerial_duels_won,ground_duels_att,ground_duels_won,last_man_tackles,dribbled_past,interceptions_def_third,interceptions_mid_third,interceptions_att_third,recoveries_def_third,recoveries_mid_third,recoveries_att_third,saves,goals_conceded,claims,high_claims,medium_claims,low_claims,punches,catches,runs_out,saves_inside_box,saves_outside_box,goalline_saves,clean_sheet,xgot_faced,goals_prevented,fouls_committed,fouls_won,yellow_cards,red_cards,offsides,sprints,high_speed_sprints,distance_covered,top_speed,touches,touches_own_third,touches_mid_third,touches_final_third,touches_opp_box,standing_seconds,walking_seconds,jogging_seconds,running_seconds,sprinting_seconds,runs,turnovers,bad_touches,dispossessed,possession_won,possession_lost,sca,gca,packing_passes,packing_dribbles,total_packing,zone14_entries,deep_completions,progressive_pass_distance,xT,gpa,pva,epa,xT_per90,gpa_per90,pva_per90,epa_per90,pressed_sequences,ppda,shot_ending_carries,goal_ending_carries,chance_creating_carries,assist_carries,carry_directness,carry_directness_sum,carry_directness_count,carry_chains,ball_progression_chains,dangerous_possessions,players_per_possession,total_sequences,carry_creation_log,errors,errors_leading_to_shot,errors_leading_to_goal,dribblers_tackled,dribbles_against,minutes_level,minutes_ahead,minutes_behind,match_result,is_mvp,rating,dna_overall,dna_pace,dna_finishing,dna_passing,dna_defending,dna_vision,dna_composure,physics_distance_m,physics_sprint_count,physics_high_speed_sprint_count,physics_top_speed_mps,total_carries,run_intended_behind,run_intended_hold,run_intended_box,run_intended_byline,run_intended_cut,run_intended_overlap,run_intended_underlap,run_intended_tuck,run_intended_drop,run_intended_carry,run_intended_late,run_intended_orbit,run_intended_roam,save_pct,pass_accuracy,short_pass_acc,long_pass_acc,dribble_success_pct,tackle_success_pct,aerial_success_pct,cross_acc,shot_conversion,goal_assists,open_play_shot_assists,setpiece_shot_assists,second_assists,fantasy_assists,shots_faced_by_creation
Hom GK 0,Home FC,GK,sweeper_keeper,26,Tolandian,True,0,sweeper_keeper,right,False,,,,,0.0,False,home,Unknown Stadium,0,0,0,0,0,0,0,0,0,0,0,0,0,0,0,0,0,0,0,0,0.0,0.0,0.0,0.0,0.0,0.0,0.0,0.0,20,19,17,16,3,3,1,18,0,0,0,0,0,0,0,1,17,2,1,2,14,6,0,0,0,0,0,0,0,0,0,0,0,0,0,0,0,0,0,0,0,9,0,9,0,14.874,0.0,0.0,0,0,1,14,0,0,0,0,0,0,0.0,0,0,0,0,0,0,0,0,1,0,0,0,0,0,0,0,0,0,0,0,3,1,0,0,1,0,0,0,0,0,5,1,3,0,2,1,1,0,1,4,1,0,False,0.107,-0.893,0,0,0,0,0,3,2,2.78,22.6,35,35,0,0,0,4346.8,1015.2,159.7,95.7,22.7,10,1,5,2,1,8,0,0,42,4,46,0,0,29.069,0.306,0.759,0.961,0.671,0.0,0.0,0.0,0.0,4,2.71,0,0,0,0,0.0,0.0,2,40,7,8,3.19,134,[],8,0,0,0,0,7,0,87,loss,False,6.18,82.3,57.1,50.8,74.4,50.6,60.1,62.9,63.83,0.0,0.0,6.29,0,0,0,0,0,0,0,0,0,0,0,0,0,0,83.3,95.0,94.1,100.0,0.0,0.0,0.0,0.0,0.0,,,,,,
Hom CB 1,Home FC,CB,stopper_cb,26,Tolandian,True,0,stopper_defender,right,False,,,,,0.0,False,home,Unknown Stadium,0,0,0,0,0,0,0,0,0,0,0,0,0,0,0,0,0,0,0,0,0.0,0.0,0.0,0.0,0.0,0.0,0.0,0.0,43,41,42,40,1,1,0,4,19,12,0,0,0,0,6,2,18,12,11,3,26,11,0,0,0,19,2,1,10,4,48,84,0,0,0,0,0,0,0,0,0,20,0,7,13,26.233,0.0,0.0,4,0,0,34,0,0,0,0,0,0,0.0,0,0,0,0,6,4,3,3,0,1,1,0,1,0,5,5,4,1,16,8,10,6,4,2,3,1,0,3,2,0,0,0,0,0,0,0,0,0,0,0,0,0,False,0.0,0.0,0,0,0,0,2,0,0,11.89,22.4,75,6,41,28,0,1442.2,2368.8,1581.1,248.0,0.0,16,2,4,2,10,10,0,0,27,2,29,1,0,0.0,0.05,0.559,0.639,0.13,0.0,0.0,0.0,0.0,4,2.71,0,0,0,0,0.0,0.0,9,40,7,8,3.19,134,[],16,1,0,2,8,7,0,87,loss,False,6.18,67.3,64.8,51.2,53.5,90.2,60.6,60.1,7147.92,0.0,0.0,6.23,0,0,0,0,0,0,0,0,0,0,0,0,0,0,,95.3,95.2,100.0,0.0,66.7,50.0,0.0,0.0,,,,,,
Hom CB 2,Home FC,CB,ball_playing_cb,26,Tolandian,True,0,ball_playing_cb,right,False,,,,,0.0,False,home,Unknown Stadium,0,0,0,0,0,0,0,0,0,0,0,0,0,0,0,0,0,0,0,0,0.0,0.0,0.0,0.0,0.0,0.0,0.0,0.0,40,38,39,37,1,1,2,2,13,19,2,0,0,0,2,6,18,14,8,6,26,12,0,0,0,12,3,5,6,2,46,74,0,0,0,0,0,0,0,0,0,21,0,7,14,28.047,0.0,0.0,7,2,0,36,0,0,0,0,0,0,0.0,0,0,0,0,0,0,0,0,0,3,0,0,0,0,3,3,8,0,3,2,7,3,0,0,0,0,0,3,0,0,0,0,0,0,0,0,0,0,0,0,0,0,False,0.0,0.0,1,2,0,0,0,0,0,11.9,22.2,73,8,30,35,1,1413.5,2368.8,1621.4,236.3,0.0,15,2,4,2,3,8,0,0,12,3,15,0,1,24.161,-0.225,0.212,0.214,-0.602,0.0,0.0,0.0,0.0,4,2.71,0,0,0,0,0.0,0.0,9,40,7,8,3.19,134,[],10,1,0,5,5,7,0,87,loss,False,6.09,70.6,59.5,56.1,85.1,70.5,76.2,78.3,6817.59,0.0,0.0,6.18,0,0,0,0,0,0,0,0,0,0,0,0,0,0,,95.0,94.9,100.0,0.0,0.0,66.7,0.0,0.0,,,,,,
Hom LB 3,Home FC,LB,attacking_fullback,26,Tolandian,True,0,aggressive_fullback,right,False,,,,,0.0,False,home,Unknown Stadium,0,0,0,0,0,0,0,0,0,0,0,0,1,0,0,1,0,0,0,0,0.095,0.122,0.095,0.0,0.0,0.122,0.0,0.095,37,36,33,32,3,3,5,1,8,19,9,3,1,1,2,0,16,15,6,5,7,27,0,0,0,28,10,0,15,5,48,106,27,3,0,1,0,2,0,3,0,44,4,1,43,207.612,64.703,16.176,38,19,0,29,0,0,0,0,0,0,0.0,3,1,3,0,4,4,2,2,0,1,0,0,0,0,3,3,3,1,2,2,5,4,0,0,0,2,2,0,2,1,0,0,0,0,0,0,0,0,0,0,0,0,False,0.0,0.0,1,0,0,0,1,12,6,15.9,25.6,92,3,31,58,4,831.0,2028.7,2147.3,564.3,68.7,49,1,5,0,7,7,4,0,23,6,29,2,7,110.603,1.491,2.474,2.513,3.23,0.0,0.0,0.0,0.0,4,2.71,0,0,0,0,0.0,0.0,12,40,7,8,3.19,134,"[{'minute': 5, 'team': 'Home FC', 'player': 'Hom LB 3', 'is_assist': False, 'shot_outcome': 'miss', 'shooter': 'Hom LW 9', 'start_x': 70.8, 'start_y': 6.0, 'end_x': 87.0, 'end_y': 5, 'distance': 16.2}, {'minute': 22, 'team': 'Home FC', 'player': 'Hom LB 3', 'is_assist': False, 'shot_outcome': 'miss', 'shooter': 'Hom ST 10', 'start_x': 71.0, 'start_y': 34.6, 'end_x': 87.2, 'end_y': 31.1, 'distance': 16.6}, {'minute': 22, 'team': 'Home FC', 'player': 'Hom LB 3', 'is_assist': False, 'shot_outcome': 'miss', 'shooter': 'Hom CM 7', 'start_x': 71.0, 'start_y': 34.6, 'end_x': 87.2, 'end_y': 31.1, 'distance': 16.6}]",11,2,0,0,4,7,0,87,loss,False,6.43,61.9,76.5,47.8,76.1,73.7,49.5,63.4,7910.31,12.0,0.0,7.1,0,0,0,0,0,0,15,12,0,0,0,0,0,0,,97.3,97.0,100.0,0.0,100.0,100.0,0.0,0.0,0.0,3.0,0.0,0.0,0.0,0.0
Hom RB 4,Home FC,RB,attacking_fullback,26,Tolandian,True,0,overlapping_fullback,right,False,,,,,0.0,False,home,Unknown Stadium,0,0,0,0,0,0,0,0,0,0,0,1,0,0,0,1,0,0,1,1,0.075,0.0,0.075,0.0,0.0,0.0,0.0,0.075,42,40,41,39,1,1,1,6,10,23,8,0,0,0,0,4,11,27,4,6,34,8,0,0,0,35,13,2,4,5,50,109,36,2,1,0,0,2,1,2,1,15,2,3,12,71.295,47.535,25.285,9,5,0,25,0,0,0,0,0,0,0.0,0,0,0,0,2,1,1,1,1,1,0,0,0,0,4,4,7,1,4,1,7,3,0,1,0,0,2,0,0,4,0,0,0,0,0,0,0,0,0,0,0,0,False,0.0,0.0,1,0,0,0,2,15,8,15.92,25.7,69,7,17,45,1,844.3,2030.4,2126.0,557.3,82.0,50,2,6,1,6,11,1,0,19,10,29,8,4,11.924,-0.105,0.398,0.398,-0.216,0.0,0.0,0.0,0.0,4,2.71,0,0,0,0,0.0,0.0,5,40,7,8,3.19,134,"[{'minute': 91, 'team': 'Home FC', 'player': 'Hom RB 4', 'is_assist': False, 'shot_outcome': 'save', 'shooter': 'Hom ST 10', 'start_x': 23.0, 'start_y': 25.7, 'end_x': 48.3, 'end_y': 25.9, 'distance': 25.3}]",11,0,0,0,1,7,0,87,loss,False,6.15,65.7,85.3,48.6,74.6,75.8,57.7,59.4,7810.11,15.0,0.0,7.15,0,0,0,0,0,0,27,9,0,0,0,0,0,0,,95.2,95.1,100.0,0.0,50.0,25.0,50.0,0.0,0.0,0.0,0.0,0.0,0.0,0.0
Hom CDM 5,Home FC,CDM,anchor,26,Tolandian,True,0,anchor_man,right,False,,,,,0.0,False,home,Unknown Stadium,0,0,0,0,0,0,0,0,0,0,0,0,0,0,0,0,0,0,0,0,0.0,0.0,0.0,0.0,0.0,0.0,0.0,0.0,45,40,43,38,2,2,1,4,24,7,1,0,0,0,4,2,16,20,7,3,29,12,0,0,0,24,1,1,4,0,59,89,0,0,0,0,0,0,0,0,0,38,0,10,28,90.099,0.0,0.0,7,2,2,33,0,0,0,0,0,0,0.0,0,0,0,0,0,0,0,0,0,1,1,0,1,0,1,1,8,0,3,1,14,1,0,1,0,0,0,1,0,0,0,0,0,0,0,0,0,0,0,0,0,0,False,0.0,0.0,3,0,0,0,1,0,0,13.25,22.2,96,5,74,17,1,1133.3,2256.0,1878.9,367.1,4.7,25,5,1,6,1,15,1,0,29,6,35,0,1,0.0,0.289,0.531,0.531,0.605,0.0,0.0,0.0,0.0,4,2.71,0,0,0,0,0.0,0.0,1,40,7,8,3.19,134,"[{'minute': 49, 'team': 'Home FC', 'player': 'Hom CDM 5', 'is_assist': False, 'shot_outcome': 'miss', 'shooter': 'Hom CAM 8', 'start_x': 64.5, 'start_y': 51.1, 'end_x': 66.1, 'end_y': 52.8, 'distance': 2.4}]",14,0,0,1,2,7,0,87,loss,False,5.97,69.8,68.8,52.3,70.5,80.9,60.0,62.4,7127.14,0.0,0.0,6.16,0,0,0,0,0,0,0,0,0,0,0,0,0,0,,88.9,88.4,100.0,0.0,0.0,33.3,0.0,0.0,0.0,0.0,0.0,0.0,0.0,0.0
Hom CM 6,Home FC,CM,box_to_box,26,Tolandian,True,0,engine,right,False,,,,,0.0,False,home,Unknown Stadium,0,0,0,0,0,0,0,0,0,0,0,0,0,0,0,0,0,0,0,0,0.0,0.0,0.0,0.0,0.0,0.0,0.0,0.0,63,58,59,54,4,4,5,5,31,8,1,1,0,0,9,4,37,14,12,7,37,17,0,0,0,17,7,1,10,2,41,78,88,0,0,0,0,0,0,0,0,25,1,5,20,75.193,21.606,21.606,5,3,0,41,0,0,0,0,0,0,0.0,1,1,1,0,4,4,2,2,1,1,2,1,1,0,4,4,12,1,2,1,12,8,0,0,4,0,1,4,0,0,0,0,0,0,0,0,0,0,0,0,0,0,False,0.0,0.0,1,4,0,0,1,19,11,15.93,25.5,106,6,86,14,0,799.7,2030.1,2036.3,661.5,112.4,62,5,2,2,9,10,3,0,26,8,34,1,5,56.792,0.879,1.448,1.525,1.897,0.0,0.0,0.0,0.0,4,2.71,0,0,0,0,0.0,0.0,3,40,7,8,3.19,134,"[{'minute': 21, 'team': 'Home FC', 'player': 'Hom CM 6', 'is_assist': False, 'shot_outcome': 'miss', 'shooter': 'Hom ST 10', 'start_x': 92.1, 'start_y': 36.5, 'end_x': 92.1, 'end_y': 36.5, 'distance': 0.0}]",17,2,0,6,10,7,0,87,loss,False,6.38,67.3,74.6,70.4,82.7,74.1,51.0,52.3,6827.44,19.0,0.0,7.09,0,0,0,0,0,0,0,0,0,12,47,19,10,0,,92.1,91.5,100.0,0.0,100.0,50.0,0.0,0.0,0.0,1.0,0.0,0.0,0.0,0.0
Hom CM 7,Home FC,CM,box_to_box,26,Tolandian,True,0,box_box,right,False,,,,,0.0,False,home,Unknown Stadium,0,0,0,0,0,0,0,0,0,0,0,0,1,0,0,0,1,0,0,0,0.011,0.0,0.011,0.0,0.0,0.0,0.0,0.011,71,65,68,62,3,3,6,4,28,20,6,2,0,0,7,3,33,22,15,11,43,21,0,0,0,26,6,2,2,3,24,63,75,0,0,0,0,0,0,0,0,45,0,9,36,122.762,0.0,0.0,18,5,1,44,0,0,0,0,0,0,0.0,2,1,2,0,4,2,1,3,1,1,1,0,1,0,4,4,14,1,3,2,20,3,0,2,2,0,1,2,1,1,0,0,0,0,0,0,0,0,0,0,0,0,False,0.0,0.0,5,0,1,0,0,0,0,15.77,24.4,137,16,75,46,3,839.1,2027.7,2047.1,721.3,4.9,48,6,2,10,7,18,2,0,61,11,72,3,6,128.705,0.333,0.947,1.104,0.704,0.0,0.0,0.0,0.0,4,2.71,0,0,0,0,0.0,0.0,1,40,7,8,3.19,134,"[{'minute': 36, 'team': 'Home FC', 'player': 'Hom CM 7', 'is_assist': False, 'shot_outcome': 'save', 'shooter': 'Hom RB 4', 'start_x': 98.9, 'start_y': 28.7, 'end_x': 98.9, 'end_y': 28.7, 'distance': 0.0}]",24,1,0,1,3,7,0,87,loss,False,6.16,64.6,79.1,67.6,79.2,68.7,52.7,65.8,6007.62,0.0,0.0,6.78,0,0,0,0,0,0,0,0,0,18,31,20,6,0,,91.5,91.2,100.0,0.0,50.0,66.7,0.0,0.0,0.0,2.0,0.0,0.0,0.0,0.0
Hom CAM 8,Home FC,CAM,classic_ten,26,Tolandian,True,0,creator,right,False,,,,,0.0,False,home,Unknown Stadium,0,0,0,0,0,0,0,0,0,0,0,0,1,0,0,1,0,0,0,0,0.055,0.0,0.055,0.0,0.0,0.0,0.0,0.055,38,36,37,36,1,0,1,6,27,1,0,0,0,0,1,1,21,10,7,4,31,6,0,0,0,47,1,3,8,5,32,96,149,0,0,0,0,0,0,0,0,20,1,7,13,53.498,18.758,18.758,0,0,1,35,1,1,0,1,0,0,6.645,0,0,0,0,2,1,0,2,1,1,1,0,1,0,2,2,6,1,1,0,8,3,0,1,1,0,1,0,2,0,0,0,0,0,0,0,0,0,0,0,0,0,False,0.0,0.0,0,0,0,0,2,0,0,14.58,23.4,70,10,56,4,1,1008.9,2143.2,1951.3,532.7,3.8,36,2,5,3,4,12,0,0,15,7,22,3,2,9.534,0.783,1.115,1.154,1.726,0.0,0.0,0.0,0.0,4,2.71,0,0,0,0,0.0,0.0,2,40,7,8,3.19,134,[],12,1,0,1,3,7,0,87,loss,False,6.14,86.7,53.8,67.2,88.0,51.1,88.3,78.4,7725.01,0.0,0.0,6.5,0,0,0,0,0,0,0,0,0,0,0,0,0,149,,94.7,97.3,0.0,100.0,50.0,0.0,0.0,0.0,0.0,0.0,0.0,0.0,0.0,0.0
Hom LW 9,Home FC,LW,traditional_winger,26,Tolandian,True,0,winger,right,False,,,,,0.0,False,home,Unknown Stadium,0,0,0,0,0,0,0,0,0,0,0,0,1,0,0,0,1,0,0,0,0.016,0.0,0.016,0.0,0.0,0.0,0.0,0.016,25,23,24,23,0,0,0,0,10,8,3,0,1,0,5,2,6,12,6,1,15,4,0,0,0,37,3,3,29,5,44,121,64,0,0,0,0,0,0,0,0,29,0,2,27,81.721,0.0,0.0,15,6,0,26,1,1,0,0,1,0,6.685,0,0,0,0,1,0,1,0,1,0,0,0,0,0,1,1,14,2,0,0,15,7,0,1,1,0,0,0,1,0,0,0,0,0,0,0,0,0,0,0,0,0,False,0.0,0.0,1,6,0,0,0,13,7,17.34,25.8,62,0,43,19,2,732.9,1801.5,2240.6,790.2,74.7,65,1,1,2,2,4,2,0,2,4,6,0,0,0.0,-0.13,-0.135,-0.136,-0.308,0.0,0.0,0.0,0.0,4,2.71,0,0,0,0,0.0,0.0,4,40,7,8,3.19,134,[],10,0,0,0,0,7,0,87,loss,False,6.03,68.6,86.0,43.7,57.1,48.8,59.1,62.4,8048.4,13.0,0.0,7.17,0,0,0,56,4,4,0,0,0,0,0,0,0,0,,92.0,95.8,0.0,100.0,0.0,0.0,0.0,0.0,0.0,0.0,0.0,0.0,0.0,0.0
Hom ST 10,Home FC,ST,poacher,26,Tolandian,True,0,fox_in_box,right,False,,,,,0.0,False,home,Unknown Stadium,0,0,0,0,0,0,0,0,0,0,0,1,2,0,0,2,1,0,1,1,0.208,0.0,0.208,0.0,0.0,0.0,0.0,0.208,26,26,26,26,0,0,3,0,17,4,3,0,0,0,2,3,12,9,5,1,13,11,0,0,0,54,1,2,24,4,56,141,59,2,2,2,2,0,0,2,2,30,0,4,26,83.5,0.0,0.0,6,3,0,21,0,0,0,0,0,0,0.0,0,0,0,0,0,0,0,0,4,1,2,0,2,0,1,1,7,1,5,2,5,0,0,0,0,4,0,0,0,1,0,0,0,0,0,0,0,0,0,0,0,0,False,0.0,0.0,1,0,0,0,2,0,0,14.32,24.0,63,0,50,13,3,1242.8,2143.2,1804.4,449.6,0.0,29,0,1,2,5,5,0,0,6,2,8,0,1,0.0,-0.401,-0.231,-0.232,-0.889,0.0,0.0,0.0,0.0,4,2.71,0,0,0,0,0.0,0.0,5,40,7,8,3.19,134,[],5,0,0,3,3,7,0,87,loss,False,6.21,75.5,70.5,89.6,65.7,47.6,52.1,79.9,8371.07,0.0,0.0,6.68,0,47,8,4,0,0,0,0,0,0,0,0,0,0,,100.0,100.0,0.0,0.0,0.0,40.0,100.0,0.0,0.0,0.0,0.0,0.0,0.0,0.0
Awa GK 0,Away FC,GK,sweeper_keeper,26,Tolandian,True,0,sweeper_keeper,right,False,,,,,0.0,False,away,Unknown Stadium,0,0,0,0,0,0,0,0,0,0,0,0,0,0,0,0,0,0,0,0,0.0,0.0,0.0,0.0,0.0,0.0,0.0,0.0,22,21,9,8,13,13,1,19,1,0,0,0,0,0,0,1,21,0,0,10,19,0,0,0,0,0,0,0,0,0,0,0,0,0,0,0,0,0,0,0,0,12,0,12,0,9.508,0.0,0.0,0,0,2,13,0,0,0,0,0,0,0.0,0,0,0,0,0,0,0,0,0,0,0,0,0,0,0,0,0,0,0,0,3,2,0,0,0,0,0,0,0,0,6,0,3,3,0,0,1,0,0,6,0,0,False,0.152,0.152,1,0,0,0,0,5,3,2.78,22.8,40,40,0,0,0,4302.7,1015.2,162.7,126.3,33.0,13,1,2,0,0,3,0,0,99,0,99,1,0,0.0,1.039,1.958,2.359,2.218,0.0,0.0,0.0,0.0,2,52.0,0,0,0,0,0.474,3.791,8,28,5,1,3.18,112,[],3,0,0,0,0,7,87,0,win,False,6.53,83.2,63.9,43.1,66.2,55.0,62.1,52.9,60.64,0.0,0.0,6.33,0,0,0,0,0,0,0,0,0,0,0,0,0,0,100.0,95.5,88.9,100.0,0.0,0.0,0.0,0.0,0.0,,,,,,
Awa CB 1,Away FC,CB,stopper_cb,26,Tolandian,True,0,stopper_defender,right,False,,,,,0.0,False,away,Unknown Stadium,0,0,0,0,0,0,0,0,0,0,0,0,0,0,0,0,0,0,0,0,0.0,0.0,0.0,0.0,0.0,0.0,0.0,0.0,25,23,24,22,0,0,0,3,12,6,2,1,1,1,1,5,12,10,2,2,19,4,0,0,0,17,1,2,0,3,16,39,0,0,0,0,0,0,0,0,0,9,0,2,7,11.645,0.0,0.0,4,1,2,38,0,0,0,0,0,0,0.0,0,0,0,0,0,0,0,0,1,4,1,0,1,0,1,1,1,0,17,14,5,3,0,0,0,0,1,1,0,0,0,0,0,0,0,0,0,0,0,0,0,0,False,0.0,0.0,0,2,0,0,1,0,0,14.9,23.3,41,3,9,29,1,1410.7,2368.8,1642.5,213.6,4.4,14,2,0,1,2,5,1,0,9,1,10,4,2,0.0,-0.127,-0.151,-0.07,-0.234,0.0,0.0,0.0,0.0,2,52.0,0,0,0,0,0.572,2.86,5,28,5,1,3.18,112,[],7,2,0,3,3,7,87,0,win,False,6.17,67.2,65.4,43.6,59.0,83.7,53.1,51.5,13272.37,0.0,0.0,6.46,0,0,0,0,0,0,0,0,0,0,0,0,0,0,,92.0,91.7,0.0,0.0,0.0,82.4,0.0,0.0,,,,,,
Awa CB 2,Away FC,CB,ball_playing_cb,26,Tolandian,True,0,ball_playing_cb,right,False,,,,,0.0,False,away,Unknown Stadium,0,0,0,0,0,0,0,0,0,0,0,0,2,0,0,0,2,0,0,0,0.184,0.0,0.184,0.0,0.0,0.0,0.0,0.184,22,19,17,16,5,3,0,2,6,6,1,0,0,0,5,3,7,8,6,2,13,4,0,0,0,11,0,1,6,2,15,35,0,0,0,0,0,0,0,0,0,5,0,0,5,6.255,0.0,0.0,2,0,0,40,0,0,0,0,0,0,0.0,0,0,0,0,0,0,0,0,0,1,0,0,0,0,2,2,2,0,4,2,5,1,0,0,0,0,0,2,0,0,0,0,0,0,0,0,0,0,0,0,0,0,False,0.0,0.0,2,0,0,0,1,1,0,14.78,22.9,33,0,16,17,0,1537.1,2368.8,1548.5,179.3,6.3,13,3,2,0,2,8,0,0,11,0,11,1,2,0.0,-0.128,0.144,0.144,-0.21,0.0,0.0,0.0,0.0,2,52.0,0,0,0,0,0.345,0.69,2,28,5,1,3.18,112,[],9,1,0,2,2,7,87,0,win,False,6.02,68.7,68.2,42.3,78.1,72.5,71.7,75.5,13558.47,0.0,0.0,6.36,0,0,0,0,0,0,0,0,0,0,0,0,0,0,,86.4,94.1,60.0,0.0,0.0,50.0,0.0,0.0,,,,,,
Awa LB 3,Away FC,LB,attacking_fullback,26,Tolandian,True,0,aggressive_fullback,right,False,,,,,0.0,False,away,Unknown Stadium,0,0,0,0,0,0,0,0,0,0,0,0,0,0,0,0,0,0,0,0,0.0,0.095,0.0,0.0,0.0,0.0,0.095,0.0,10,10,8,8,2,2,1,1,1,6,2,1,0,0,1,1,4,5,1,3,4,5,0,0,0,20,3,2,2,3,19,49,36,3,3,0,0,3,3,0,0,10,0,0,10,40.643,0.0,0.0,9,5,0,30,1,1,0,1,0,0,4.319,1,0,0,1,0,0,0,0,0,2,1,0,1,0,1,1,1,0,1,1,8,4,0,0,0,0,0,1,0,0,0,0,0,0,0,0,0,0,0,0,0,0,False,0.0,0.0,1,2,0,0,0,66,20,18.77,25.6,24,0,0,24,3,755.3,2030.4,2157.2,488.4,208.7,67,0,0,0,1,3,0,0,10,1,11,5,1,0.0,0.712,0.966,1.006,0.591,0.0,0.0,0.0,0.0,2,52.0,0,0,0,0,0.706,2.119,3,28,5,1,3.18,112,[],1,0,0,1,1,7,87,0,win,False,6.12,60.7,76.2,40.9,71.1,71.2,53.8,56.0,14451.34,66.0,0.0,7.11,0,0,0,0,0,0,22,14,0,0,0,0,0,0,,100.0,100.0,100.0,100.0,0.0,100.0,100.0,0.0,0.0,0.0,1.0,0.0,0.0,0.0
Awa RB 4,Away FC,RB,attacking_fullback,26,Tolandian,True,0,overlapping_fullback,left,False,,,,,0.0,False,away,Unknown Stadium,0,1,0,0,0,0,0,1,0,0,0,0,0,0,0,0,0,0,0,0,0.0,0.012,0.0,0.0,0.0,0.012,0.0,0.0,22,19,22,19,0,0,3,3,7,4,1,0,0,0,2,6,12,4,4,3,16,4,0,0,0,15,9,0,26,3,21,74,45,0,0,0,0,0,0,0,0,6,0,4,2,12.186,0.0,0.0,1,0,1,36,0,0,0,0,0,0,0.0,1,0,1,0,0,0,0,0,0,2,0,0,0,0,2,2,1,0,4,1,5,2,0,0,0,0,0,2,0,0,0,0,0,0,0,0,0,0,0,0,0,0,False,0.0,0.0,0,1,0,0,2,58,18,18.75,25.5,34,8,4,22,1,792.9,2030.4,2138.1,495.9,182.7,63,3,2,2,2,10,1,1,11,0,11,5,1,22.268,0.082,0.118,0.158,0.156,0.0,0.0,0.0,0.0,2,52.0,0,0,1,0,0.336,1.678,5,28,5,1,3.18,112,"[{'minute': 37, 'team': 'Away FC', 'player': 'Awa RB 4', 'is_assist': False, 'shot_outcome': 'miss', 'shooter': 'Awa CDM 5', 'start_x': 86.8, 'start_y': 37.7, 'end_x': 85.6, 'end_y': 28.1, 'distance': 9.7}]",9,0,0,2,2,7,87,0,win,False,6.29,67.2,79.4,52.8,77.6,75.9,60.1,59.5,14478.84,58.0,0.0,7.09,0,0,0,0,0,0,27,18,0,0,0,0,0,0,,86.4,86.4,0.0,0.0,0.0,25.0,0.0,0.0,1.0,0.0,0.0,0.0,0.0,0.0
Awa CDM 5,Away FC,CDM,anchor,26,Tolandian,True,0,anchor_man,right,False,,,,,0.0,False,away,Unknown Stadium,0,0,0,0,0,0,0,0,0,0,0,0,1,0,0,0,1,0,0,0,0.091,0.0,0.091,0.0,0.0,0.0,0.0,0.091,35,29,31,27,3,2,0,2,21,1,0,0,1,0,5,9,18,3,9,7,21,8,0,0,0,9,0,7,8,0,26,50,0,0,0,0,0,0,0,0,0,9,0,6,3,18.662,0.0,0.0,0,0,3,44,0,0,0,0,0,0,0.0,0,0,0,0,0,0,0,0,0,3,0,0,0,0,1,1,5,0,2,2,7,3,0,1,0,0,0,1,0,0,0,0,0,0,0,0,0,0,0,0,0,0,False,0.0,0.0,0,0,0,0,1,1,0,15.59,22.9,54,0,27,27,1,1127.9,2256.0,1908.2,341.8,6.0,23,5,1,2,1,10,0,0,31,3,34,2,2,0.0,0.465,0.848,1.007,0.802,0.0,0.0,0.0,0.0,2,52.0,0,0,0,0,0.508,2.542,5,28,5,1,3.18,112,[],15,1,0,4,5,7,87,0,win,False,6.07,72.9,69.5,38.0,77.1,85.7,62.1,51.8,11890.17,0.0,0.0,6.35,0,0,0,0,0,0,0,0,0,0,0,0,0,0,,82.9,87.1,66.7,0.0,0.0,100.0,0.0,0.0,0.0,0.0,0.0,0.0,0.0,0.0
Awa CM 6,Away FC,CM,box_to_box,26,Tolandian,True,0,engine,right,False,,,,,0.0,False,away,Unknown Stadium,0,0,0,0,0,0,0,0,0,0,0,0,0,0,0,0,0,0,0,0,0.0,0.0,0.0,0.0,0.0,0.0,0.0,0.0,44,40,41,37,3,3,8,2,20,5,1,0,0,0,5,8,24,11,9,1,23,16,0,0,0,15,1,2,0,5,26,49,106,0,0,0,0,0,0,0,0,19,0,10,9,50.316,0.0,0.0,3,3,0,40,0,0,0,0,0,0,0.0,0,0,0,0,1,1,1,0,1,1,0,0,0,0,1,1,11,0,3,2,19,8,0,0,0,2,0,0,1,0,0,0,0,0,0,0,0,0,0,0,0,0,False,0.0,0.0,4,4,0,0,1,0,0,18.48,24.8,76,7,64,5,1,874.1,2030.4,2095.3,640.2,0.0,42,4,3,2,3,11,0,0,29,9,38,3,1,73.542,0.224,1.185,1.227,0.63,0.0,0.0,0.0,0.0,2,52.0,0,0,0,0,0.449,2.696,6,28,5,1,3.18,112,[],15,1,0,0,1,7,87,0,win,False,6.1,72.1,71.2,67.0,83.2,72.4,63.4,61.6,12239.9,0.0,0.0,6.88,0,0,0,0,0,0,0,0,0,22,65,18,1,0,,90.9,90.2,100.0,0.0,100.0,66.7,0.0,0.0,,,,,,
Awa CM 7,Away FC,CM,box_to_box,26,Tolandian,True,0,box_box,right,False,,,,,0.0,False,away,Unknown Stadium,0,0,0,0,0,0,0,0,0,0,0,0,1,0,0,0,1,0,0,0,0.09,0.0,0.09,0.0,0.0,0.0,0.0,0.09,38,36,37,35,1,1,9,3,16,2,0,0,0,0,6,14,19,10,8,3,10,22,0,0,0,13,0,7,2,0,34,56,75,0,0,0,0,0,0,0,0,10,0,5,5,14.293,0.0,0.0,2,0,0,40,0,0,0,0,0,0,0.0,0,0,0,0,1,0,0,1,1,1,2,0,2,0,1,1,6,0,1,1,11,2,0,1,0,1,0,1,0,0,0,0,0,0,0,0,0,0,0,0,0,0,False,0.0,0.0,2,1,1,0,0,0,0,18.35,25.1,59,7,43,9,0,881.3,2030.4,2125.3,602.3,0.7,40,2,3,5,2,12,0,0,19,3,22,4,1,118.409,-0.051,0.454,0.454,-0.086,0.0,0.0,0.0,0.0,2,52.0,0,0,0,0,0.447,4.025,9,28,5,1,3.18,112,[],16,0,0,12,12,7,87,0,win,False,6.09,67.1,70.5,69.6,75.2,69.3,61.6,57.2,12380.22,0.0,0.0,6.98,0,0,0,0,0,0,0,0,0,18,35,17,5,0,,94.7,94.6,100.0,0.0,0.0,100.0,0.0,0.0,,,,,,
Awa CAM 8,Away FC,CAM,classic_ten,26,Tolandian,True,0,creator,right,False,,,,,0.0,False,away,Unknown Stadium,0,0,0,0,0,0,0,0,0,0,0,0,1,0,0,0,1,0,0,0,0.092,0.0,0.092,0.0,0.0,0.0,0.0,0.092,17,16,14,14,1,1,1,1,4,3,0,0,2,1,6,1,8,3,6,1,4,5,0,0,0,23,0,3,2,3,25,56,169,0,0,0,0,0,0,0,0,10,0,5,5,15.876,0.0,0.0,2,0,0,33,3,2,0,2,1,0,13.025,0,0,0,0,0,0,0,0,1,1,1,0,1,0,0,0,9,0,3,2,14,5,0,1,0,1,0,0,0,0,0,0,0,0,0,0,0,0,0,0,0,0,False,0.0,0.0,0,2,0,0,0,0,0,16.77,23.8,35,1,15,19,0,1041.9,2143.2,1947.8,502.4,4.7,34,0,2,4,1,8,1,0,7,4,11,1,1,0.0,0.185,0.527,0.567,0.33,0.0,0.0,0.0,0.0,2,52.0,0,0,1,1,0.465,1.858,4,28,5,1,3.18,112,"[{'minute': 8, 'team': 'Away FC', 'player': 'Awa CAM 8', 'is_assist': True, 'shot_outcome': 'goal', 'shooter': 'Awa LW 9', 'start_x': 0.0, 'start_y': 31.5, 'end_x': 0.0, 'end_y': 31.5, 'distance': 0.0}]",12,0,0,4,5,7,87,0,win,False,6.13,85.4,65.7,77.6,78.6,43.1,83.9,75.9,12551.99,0.0,0.0,6.6,0,0,0,0,0,0,0,0,0,0,0,0,0,169,,94.1,100.0,100.0,66.7,0.0,66.7,0.0,0.0,0.0,0.0,0.0,0.0,0.0,0.0
Awa LW 9,Away FC,LW,traditional_winger,26,Tolandian,True,0,winger,right,False,,,,,0.0,False,away,Unknown Stadium,1,0,0,1,1,0,0,0,0,0,0,2,0,0,0,0,2,0,0,0,0.024,0.0,0.035,0.0,0.0,0.0,0.0,0.035,5,5,5,5,0,0,0,0,3,2,0,0,0,0,0,2,3,1,1,2,2,3,0,0,0,12,4,1,4,1,30,52,83,0,0,0,0,0,0,0,0,4,0,0,4,18.329,0.0,0.0,3,0,0,20,0,0,0,0,0,0,0.0,0,0,0,0,0,0,0,0,0,0,0,0,0,0,2,2,8,0,3,0,6,2,0,0,0,0,0,2,0,0,0,0,0,0,0,0,0,0,0,0,0,0,False,0.0,0.0,2,1,1,0,1,81,24,20.46,26.4,11,0,6,5,0,538.4,1779.7,2346.1,735.8,240.0,89,0,1,0,2,3,0,0,2,0,2,3,0,0.0,0.29,0.363,0.363,0.63,0.0,0.0,0.0,0.0,2,52.0,0,0,0,0,0.675,2.024,3,28,5,1,3.18,112,[],1,0,0,1,1,7,87,0,win,True,6.3,71.5,79.5,52.3,60.9,37.3,52.3,65.2,14713.65,81.0,0.0,7.32,0,0,0,69,12,2,0,0,0,0,0,0,0,0,,100.0,100.0,0.0,0.0,0.0,0.0,0.0,50.0,0.0,0.0,0.0,0.0,0.0,0.0
Awa ST 10,Away FC,ST,poacher,26,Tolandian,True,0,fox_in_box,right,False,,,,,0.0,False,away,Unknown Stadium,0,1,0,0,0,0,0,1,0,0,0,1,1,0,0,0,2,0,0,0,0.186,0.0,0.091,0.095,0.0,0.0,0.0,0.186,17,15,12,12,1,1,1,0,12,0,0,0,4,2,0,4,17,0,0,2,3,10,0,0,0,22,2,2,9,0,46,81,79,0,0,0,0,0,0,0,0,13,0,0,13,27.24,0.0,0.0,1,0,0,19,1,1,0,1,0,0,7.997,0,0,0,0,1,1,1,0,1,1,0,0,0,0,1,1,3,0,4,4,9,3,0,0,1,1,0,1,0,0,0,0,0,0,0,0,0,0,0,0,0,0,False,0.0,0.0,0,1,0,0,0,0,0,16.56,24.8,36,0,36,0,0,1243.6,2143.2,1831.7,420.2,1.2,28,0,2,2,3,7,0,0,12,1,13,3,0,12.915,0.619,0.973,1.013,1.249,0.0,0.0,0.0,0.0,2,52.0,0,0,0,0,0.407,3.258,8,28,5,1,3.18,112,[],7,1,0,4,4,7,87,0,win,False,6.34,77.6,76.6,89.3,65.8,51.0,56.5,79.4,13001.85,0.0,0.0,6.88,0,66,5,8,0,0,0,0,0,0,0,0,0,0,,88.2,100.0,100.0,100.0,100.0,100.0,0.0,0.0,0.0,0.0,0.0,0.0,1.0,0.0
