player,team,position,archetype,age,nationality,is_starter,minutes_played,specialties,preferred_foot,is_set_piece_taker,sub_in,sub_out,soul_archetype,soul_tier,soul_greatness,soul_omega,home_or_away,venue,goals,assists,own_goals,open_play_goals,headed_goals,left_foot_goals,right_foot_goals,open_play_assists,setpiece_assists,pen_goals,pen_missed,shots_on_target,shots_off_target,shots_blocked_att,hit_woodwork,shots_inside_box,shots_outside_box,big_chances_scored,big_chances_missed,big_chances_received,xg,xa,xg_open_play,xg_setpiece,xg_penalty,xa_open_play,xa_setpiece,npxg,passes_attempted,passes_completed,short_passes_att,short_passes_comp,long_passes_att,long_passes_comp,progressive_passes,passes_own_third,passes_mid_third,passes_final_third,passes_opp_box,shot_assists,through_balls_att,through_balls_comp,switches_of_play,passes_under_pressure,forward_passes,backward_passes,sideways_passes,line_breaking_passes,passes_right_foot,passes_left_foot,passes_head,chipped_passes,headed_passes,crosses_att,crosses_comp,crosses_open_play_att,crosses_open_play_comp,crosses_corners_att,crosses_corners_comp,crosses_box_att,crosses_box_comp,carries,progressive_carries,carries_own_half,carries_opp_half,carry_distance,progressive_carry_distance,longest_progressive_carry,final_third_carries,carries_opp_box,carries_own_box,runs_without_ball,dribbles_att,dribbles_comp,dribbles_own_half,dribbles_mid_third,dribbles_final_third,dribbles_to_box,dribble_distance,chances_created,big_chances_created,open_play_cc,setpiece_cc,tackles_att,tackles_won,interceptions,clearances,blocks,recoveries,ball_recoveries,pressures,press_success,aerial_duels_att,aerial_duels_won,ground_duels_att,ground_duels_won,last_man_tackles,dribbled_past,interceptions_def_third,interceptions_mid_third,interceptions_att_third,recoveries_def_third,recoveries_mid_third,recoveries_att_third,saves,goals_conceded,high_claims,punches,sweeper_actions,saves_inside_box,saves_outside_box,goalline_saves,clean_sheet,xgot_faced,goals_prevented,fouls_committed,fouls_won,yellow_cards,red_cards,offsides,sprints,high_speed_sprints,distance_covered,top_speed,touches,touches_own_third,touches_mid_third,touches_final_third,touches_opp_box,standing_seconds,walking_seconds,jogging_seconds,running_seconds,sprinting_seconds,runs,turnovers,bad_touches,dispossessed,possession_won,possession_lost,sca,gca,packing_passes,packing_dribbles,total_packing,zone14_entries,deep_completions,progressive_pass_distance,xT,gpa,pva,epa,pressed_sequences,ppda,shot_ending_carries,goal_ending_carries,chance_creating_carries,assist_carries,carry_directness,carry_directness_sum,carry_directness_count,carry_chains,ball_progression_chains,dangerous_possessions,players_per_possession,total_sequences,carry_creation_log,errors,errors_leading_to_shot,errors_leading_to_goal,dribblers_tackled,dribbles_against,minutes_level,minutes_ahead,minutes_behind,match_result,is_mvp,rating,dna_overall,dna_pace,dna_finishing,dna_passing,dna_defending,dna_vision,dna_composure,physics_distance_m,physics_sprint_count,physics_high_speed_sprint_count,physics_top_speed_mps,total_carries,save_pct,pass_accuracy,short_pass_acc,long_pass_acc,dribble_success_pct,tackle_success_pct,aerial_success_pct,cross_acc,shot_conversion,goal_assists,open_play_shot_assists,setpiece_shot_assists,second_assists,fantasy_assists,shots_faced_by_creation
Joe Redknapp,Uditon,GK,distribution_gk,27,Tolandian,True,98,distribution_gk,left,False,,,,,0.0,False,home,Udi-park,0,0,0,0,0,0,0,0,0,0,0,0,0,0,0,0,0,0,0,0,0.0,0.0,0.0,0.0,0.0,0.0,0.0,0.0,16,13,8,5,8,8,0,13,0,0,0,0,0,0,0,0,15,0,1,0,3,13,0,0,0,0,0,0,0,0,0,0,0,7,0,7,0,15.463,0.0,0.0,0,0,5,5,0,0,0,0,0,0,0.0,0,0,0,0,0,0,0,0,0,0,0,1,0,0,0,0,0,0,0,0,0,0,0,0,0,1,1,0,0,0,1,0,0,False,0.322,-0.678,0,0,0,0,0,1,0,2.89,23.7,27,27,0,0,0,4582.0,1058.4,156.6,74.4,8.6,6,3,1,2,0,6,0,0,13,1,14,0,0,0.0,0.351,0.709,0.989,0.0,7,7.72,0,0,0,0,0.724,4.343,6,46,7,18,2.86,205,[],6,0,0,0,0,5,93,0,win,False,5.44,83.4,65.4,53.5,84.7,37.0,75.6,60.4,35.99,0.0,0.0,6.58,0.0,50.0,81.2,62.5,100.0,0.0,0.0,0.0,0.0,0.0,,,,,,
Amaloptoraźvo,Uditon,CB,stopper_cb,23,Tolandian,True,72,two_footed,both,True,,72.0,,,0.0,False,home,Udi-park,0,0,0,0,0,0,0,0,0,0,0,0,1,0,0,1,0,0,0,0,0.112,0.0,0.112,0.0,0.0,0.0,0.0,0.112,45,35,42,32,3,3,0,3,23,8,1,0,0,0,1,7,22,14,4,3,18,26,0,0,0,0,0,0,0,0,0,0,0,24,0,7,17,59.894,0.0,0.0,6,0,0,17,0,0,0,0,0,0,0.0,0,0,0,0,0,0,1,1,0,0,0,5,1,2,2,3,3,0,0,0,0,1,0,0,0,0,0,0,0,0,0,0,0,False,0.0,0.0,0,1,0,0,2,1,0,11.59,26.4,82,13,47,22,0,1481.2,2469.6,1677.5,245.0,6.7,17,10,4,3,1,19,1,0,26,12,38,3,6,0.0,0.976,1.898,2.059,0.276,7,7.72,0,0,0,0,0.0,0.0,3,46,7,18,2.86,205,[],19,1,0,4,4,5,93,0,win,False,6.06,68.0,64.5,51.7,64.2,81.9,55.7,63.9,5357.44,0.0,0.0,7.32,0.0,,77.8,76.2,100.0,0.0,0.0,100.0,0.0,0.0,0.0,0.0,0.0,0.0,0.0,0.0
Tyrell Rohan,Uditon,CB,ball_playing_cb,29,Tolandian,True,75,"ball_playing_cb, captain",left,True,,75.0,,,0.0,False,home,Udi-park,0,0,0,0,0,0,0,0,0,0,0,0,0,0,0,0,0,0,0,0,0.0,0.0,0.0,0.0,0.0,0.0,0.0,0.0,34,26,29,21,5,5,0,1,12,12,7,0,0,0,1,11,15,11,5,5,6,27,0,0,0,0,0,0,0,0,0,0,0,12,1,0,12,43.819,14.924,14.924,8,5,0,14,0,0,0,0,0,0,0.0,0,0,0,0,0,0,1,0,0,0,0,4,0,0,0,1,1,0,0,0,1,0,0,0,0,0,0,0,0,0,0,0,0,False,0.0,0.0,0,0,0,0,0,2,0,11.64,26.2,56,2,17,37,6,1572.3,2469.6,1618.7,211.4,8.0,15,8,2,3,1,13,2,0,36,6,42,3,7,0.0,0.875,3.113,3.274,0.46,7,7.72,0,0,0,0,0.0,0.0,1,46,7,18,2.86,205,[],14,0,0,5,5,5,93,0,win,False,6.0,72.0,63.4,46.9,86.4,82.8,75.0,85.8,5798.4,2.0,0.0,7.28,0.0,,76.5,72.4,100.0,0.0,0.0,0.0,0.0,0.0,0.0,0.0,0.0,0.0,0.0,0.0
Fokaăr,Uditon,LB,attacking_fullback,25,Tolandian,True,98,"hard_tackler, press_leader, two_footed",both,True,,,,,0.0,False,home,Udi-park,0,0,0,0,0,0,0,0,0,0,0,0,0,0,0,0,0,0,0,0,0.0,0.117,0.0,0.0,0.0,0.0,0.117,0.0,50,42,42,38,8,4,0,1,23,17,7,2,0,0,1,16,8,35,6,2,16,33,0,0,0,4,3,0,0,4,3,4,3,27,0,5,22,78.449,0.0,0.0,8,4,0,23,0,0,0,0,0,0,0.0,2,0,1,1,0,0,0,0,0,1,1,5,0,3,0,3,3,0,3,0,0,0,0,0,1,0,0,0,0,0,0,0,0,False,0.0,0.0,1,0,0,0,0,2,1,15.97,28.0,92,2,61,29,8,932.9,2116.4,2191.9,623.1,15.7,44,8,4,5,1,17,2,0,9,6,15,6,4,0.0,-0.796,-0.04,0.001,0.0,7,7.72,0,0,0,0,0.0,0.0,6,46,7,18,2.86,205,"[{'minute': 10, 'team': 'Uditon', 'player': 'Fokaăr', 'is_assist': False, 'shot_outcome': 'miss', 'shooter': 'Lokambo-Jarah', 'start_x': 98.4, 'start_y': 33.1, 'end_x': 98.4, 'end_y': 33.1, 'distance': 0.0}]",18,3,0,2,3,5,93,0,win,False,6.15,66.1,76.2,42.4,76.5,66.8,55.2,56.7,6421.35,0.0,0.0,7.79,0.0,,84.0,90.5,50.0,0.0,0.0,0.0,75.0,0.0,0.0,1.0,1.0,0.0,0.0,0.0
Henry Vternski,Uditon,RB,attacking_fullback,24,Tolandian,True,98,overlapping_fullback,right,False,,,,,0.0,False,home,Udi-park,0,0,0,0,0,0,0,0,0,0,0,0,1,0,0,1,0,0,0,0,0.108,0.0,0.108,0.0,0.0,0.0,0.0,0.108,49,42,45,39,4,3,1,3,18,17,12,0,0,0,3,8,18,19,10,1,36,10,0,0,0,5,2,0,0,5,2,5,2,26,0,9,17,80.508,0.0,0.0,11,7,0,20,0,0,0,0,0,0,0.0,0,0,0,0,0,0,1,1,0,2,2,1,0,4,1,4,4,0,3,0,1,0,1,0,1,0,0,0,0,0,0,0,0,False,0.0,0.0,1,1,0,0,4,4,1,15.71,27.9,89,2,43,44,13,952.1,2116.8,2185.2,609.9,16.0,43,7,1,2,3,14,3,1,11,8,19,5,8,10.987,-0.131,0.616,0.74,0.0,7,7.72,1,0,0,0,0.0,0.0,6,46,7,18,2.86,205,"[{'minute': 3, 'team': 'Uditon', 'player': 'Henry Vternski', 'is_assist': False, 'shot_outcome': 'save', 'shooter': 'Lokambo-Jarah', 'start_x': 104.5, 'start_y': 33.9, 'end_x': 104.5, 'end_y': 33.9, 'distance': 0.0}, {'minute': 15, 'team': 'Uditon', 'player': 'Henry Vternski', 'is_assist': True, 'shot_outcome': 'goal', 'shooter': 'Mikko Branshawe', 'start_x': 102.2, 'start_y': 33.9, 'end_x': 102.2, 'end_y': 33.9, 'distance': 0.0}]",13,0,0,0,0,5,93,0,win,False,6.19,64.5,75.3,42.6,78.3,75.6,55.4,66.1,6231.0,4.0,0.0,7.75,0.0,,85.7,86.7,75.0,0.0,0.0,25.0,40.0,0.0,0.0,0.0,0.0,0.0,0.0,0.0
Mikko Branshawe,Uditon,CDM,ball_winning_mid,29,Tolandian,True,98,interceptor,right,False,,,,,0.0,False,home,Udi-park,1,1,0,1,0,1,0,1,0,0,0,3,1,0,0,4,0,0,0,0,0.97,0.407,1.222,0.117,0.0,0.407,0.0,1.339,52,40,45,37,6,3,0,1,22,15,7,0,1,0,2,18,24,20,5,3,35,14,0,0,0,1,1,1,1,0,0,1,1,16,1,2,14,54.18,15.29,15.29,5,3,0,30,0,0,0,0,0,0,0.0,1,1,1,0,0,0,2,0,0,2,2,4,0,5,2,1,1,0,3,0,2,0,0,0,2,0,0,0,0,0,0,0,0,False,0.0,0.0,2,1,0,0,1,8,3,14.0,26.8,83,0,52,31,2,1027.6,2352.0,2058.4,410.0,32.0,32,11,0,1,4,13,1,1,25,12,37,2,7,0.0,-0.386,1.026,1.107,0.0,7,7.72,0,0,0,0,0.0,0.0,2,46,7,18,2.86,205,"[{'minute': 6, 'team': 'Uditon', 'player': 'Mikko Branshawe', 'is_assist': True, 'shot_outcome': 'goal', 'shooter': 'Mikro Vitro', 'start_x': 103.0, 'start_y': 35.8, 'end_x': 103.0, 'end_y': 35.8, 'distance': 0.0}]",15,2,0,7,7,5,93,0,win,False,8.1,75.6,67.6,54.5,71.1,86.0,67.7,55.5,6218.15,8.0,0.0,7.45,0.0,,76.9,82.2,50.0,0.0,0.0,40.0,100.0,25.0,1.0,0.0,0.0,0.0,0.0,0.0
Owen Låwitre,Uditon,CM,progressive_midfielder,17,Tolandian,True,65,"passer, press_breaker, workhorse",right,False,,65.0,,,0.0,False,home,Udi-park,0,0,0,0,0,0,0,0,0,0,0,0,1,0,0,1,0,0,0,0,0.114,0.0,0.114,0.0,0.0,0.0,0.0,0.114,44,29,34,22,10,7,0,3,12,14,8,0,0,0,0,12,14,22,7,1,22,22,0,0,0,1,0,0,0,1,0,1,0,15,0,3,12,55.871,0.0,0.0,3,2,0,22,0,0,0,0,0,0,0.0,0,0,0,0,0,0,2,0,0,0,0,4,1,1,1,2,2,0,0,0,0,2,0,0,0,0,0,0,0,0,0,0,0,False,0.0,0.0,0,1,0,0,0,1,0,16.04,27.5,72,8,40,24,4,968.1,2116.8,2174.1,613.4,7.7,42,15,2,3,2,20,0,0,13,4,17,3,4,0.0,-0.801,-0.255,-0.135,0.031,7,7.72,0,0,0,0,0.0,0.0,2,46,7,18,2.86,205,[],20,0,0,6,6,5,93,0,win,False,6.04,69.4,72.6,47.1,99.0,50.4,87.4,59.0,7200.52,0.0,0.0,7.65,0.0,,65.9,64.7,70.0,0.0,0.0,100.0,0.0,0.0,,,,,,
Hunan Lizurtan,Uditon,CM,box_to_box,22,Tolandian,True,98,"aerial_threat, fox_in_box",left,False,,,,,0.0,False,home,Udi-park,0,1,0,0,0,0,0,1,0,0,0,0,2,1,0,2,1,0,0,0,0.256,0.369,0.256,0.0,0.0,0.369,0.0,0.256,62,51,54,44,8,7,3,2,25,19,9,2,0,0,2,23,28,20,13,3,16,44,0,0,0,1,0,0,0,1,0,1,0,23,1,5,18,85.618,22.679,22.679,9,6,0,38,0,0,0,0,0,0,0.0,3,1,3,0,0,0,2,0,0,2,2,10,2,5,2,1,0,0,3,0,1,1,0,0,2,0,0,0,0,0,0,0,0,False,0.0,0.0,1,0,0,0,2,4,2,16.66,28.1,103,7,44,52,7,811.3,2116.8,2202.5,727.5,21.8,52,11,2,5,4,20,3,1,31,12,43,4,11,0.0,0.066,1.385,1.545,-0.135,7,7.72,0,0,0,0,0.0,0.0,8,46,7,18,2.86,205,"[{'minute': 75, 'team': 'Uditon', 'player': 'Hunan Lizurtan', 'is_assist': False, 'shot_outcome': 'block', 'shooter': 'Colen Goyle-Jr', 'start_x': 97.8, 'start_y': 32.7, 'end_x': 97.8, 'end_y': 32.7, 'distance': 0.0}]",20,0,0,6,6,5,93,0,win,False,7.32,72.8,76.6,75.7,91.6,75.3,55.3,66.2,6213.41,4.0,0.0,7.81,0.0,,82.3,81.5,87.5,0.0,0.0,40.0,0.0,0.0,1.0,2.0,0.0,0.0,0.0,0.0
Mikro Vitro,Uditon,ST,poacher,35,Tolandian,True,98,"poacher, fox_in_box, showman, discipline, two_footed",both,False,,,Wide Destroyer,ELITE,0.871,False,home,Udi-park,2,1,0,2,1,1,0,1,0,0,0,5,0,0,0,5,0,1,0,1,1.452,0.164,2.022,0.0,0.0,0.164,0.0,2.022,26,20,21,15,5,5,0,3,8,7,5,1,0,0,2,6,11,8,7,1,17,7,0,0,0,5,4,3,3,2,1,5,4,24,0,5,19,37.321,0.0,0.0,14,10,0,13,0,0,0,0,0,0,0.0,2,2,2,0,0,0,1,0,0,2,2,4,0,3,0,3,3,0,3,0,0,1,0,0,2,0,0,0,0,0,0,0,0,False,0.0,0.0,1,1,0,0,0,2,0,14.73,27.1,57,7,25,25,7,1250.3,2234.4,1912.3,474.4,8.6,33,6,0,4,3,10,1,0,20,7,27,0,8,0.0,0.304,2.09,2.25,-0.748,7,7.72,1,0,0,0,0.0,0.0,4,46,7,18,2.86,205,"[{'minute': 62, 'team': 'Uditon', 'player': 'Mikro Vitro', 'is_assist': False, 'shot_outcome': 'miss', 'shooter': 'Mikko Branshawe', 'start_x': 102.4, 'start_y': 39.3, 'end_x': 103.0, 'end_y': 43.5, 'distance': 4.3}]",12,1,0,2,2,5,93,0,win,True,9.47,74.1,69.7,84.9,58.9,33.1,63.9,82.4,7904.7,2.0,0.0,7.53,0.0,,76.9,71.4,100.0,0.0,0.0,0.0,80.0,40.0,1.0,1.0,0.0,1.0,0.0,0.0
Lokambo-Jarah,Uditon,RW,speedster_striker,23,Tolandian,True,98,"nutmeg_king, speedster, counter_attacker",left,False,,,,,0.0,False,home,Udi-park,0,0,0,0,0,0,0,0,0,0,0,1,2,0,0,3,0,0,1,1,0.771,0.0,0.771,0.0,0.0,0.0,0.0,0.771,35,24,34,23,1,1,0,3,12,9,6,0,0,0,0,11,11,22,1,2,11,24,0,0,0,3,0,1,0,2,0,3,0,24,1,3,21,96.249,17.187,17.187,11,9,0,16,6,3,0,2,4,1,18.279,0,0,0,0,0,0,1,0,0,3,3,4,0,4,0,8,5,0,7,0,1,0,0,0,3,0,0,0,0,0,0,0,0,False,0.0,0.0,0,0,0,0,0,27,12,16.63,31.3,75,6,38,31,8,877.0,1875.8,2207.7,798.8,120.7,73,11,2,4,4,20,2,0,13,10,23,0,6,0.0,0.165,0.247,0.367,0.212,7,7.72,0,0,0,0,0.0,0.0,5,46,7,18,2.86,205,"[{'minute': 33, 'team': 'Uditon', 'player': 'Lokambo-Jarah', 'is_assist': True, 'shot_outcome': 'goal', 'shooter': 'Mikro Vitro', 'start_x': 84.3, 'start_y': 56.8, 'end_x': 90.8, 'end_y': 58.7, 'distance': 6.8}, {'minute': 73, 'team': 'Uditon', 'player': 'Lokambo-Jarah', 'is_assist': False, 'shot_outcome': 'save', 'shooter': 'Mikro Vitro', 'start_x': 103.0, 'start_y': 31.6, 'end_x': 103.0, 'end_y': 31.6, 'distance': 0.0}]",21,3,0,5,5,5,93,0,win,False,6.18,67.0,99.0,68.0,61.2,47.2,65.4,63.7,7295.57,27.0,2.0,8.7,0.0,,68.6,67.6,100.0,50.0,0.0,0.0,0.0,0.0,0.0,0.0,0.0,0.0,0.0,0.0
Colen Goyle-Jr,Uditon,ST,complete_striker,32,Tolandian,True,98,press_leader,right,False,,,,,0.0,False,home,Udi-park,0,0,0,0,0,0,0,0,0,0,0,0,0,1,0,1,0,0,0,0,0.095,0.0,0.095,0.0,0.0,0.0,0.0,0.095,26,23,21,18,5,5,1,3,15,4,0,0,0,0,0,4,9,9,5,1,17,9,0,0,0,2,1,0,0,2,1,2,1,15,0,5,10,42.372,0.0,0.0,3,0,0,18,0,0,0,0,0,0,0.0,0,0,0,0,0,0,0,0,0,1,1,9,0,1,0,2,2,0,1,0,0,0,0,0,1,0,0,0,0,0,0,0,0,False,0.0,0.0,0,3,0,0,0,29,12,16.16,28.7,48,6,32,10,0,1024.8,2234.4,2004.5,487.7,128.7,53,3,4,2,1,9,0,0,14,6,20,0,0,12.852,0.023,0.62,0.9,0.052,7,7.72,0,0,0,0,0.0,0.0,2,46,7,18,2.86,205,[],9,1,0,3,3,5,93,0,win,False,6.17,75.4,80.7,77.8,71.4,57.2,65.8,80.7,9751.04,29.0,0.0,7.97,0.0,,88.5,85.7,100.0,0.0,0.0,0.0,50.0,0.0,0.0,0.0,0.0,0.0,0.0,0.0
Dani Bellan,Uditon,GK,distribution_gk,25,Tolandian,False,33,distribution_gk,right,False,65.0,,,,0.0,False,home,Udi-park,0,0,0,0,0,0,0,0,0,0,0,0,0,0,0,0,0,0,0,0,0.0,0.0,0.0,0.0,0.0,0.0,0.0,0.0,1,1,1,1,0,0,0,0,1,0,0,0,0,0,0,0,0,0,0,0,1,0,0,0,0,0,0,0,0,0,0,0,0,0,0,0,0,0.0,0.0,0.0,0,0,0,4,0,0,0,0,0,0,0.0,0,0,0,0,0,0,0,0,0,0,0,0,0,0,0,0,0,0,0,0,0,0,0,0,0,0,1,0,0,0,0,0,0,False,0.322,-0.678,3,0,0,0,0,0,0,1.0,28.0,1,0,0,0,0,1613.8,367.2,45.1,13.9,0.0,0,0,0,0,0,0,0,0,0,0,0,0,0,0.0,0.0,0.0,0.0,0.0,7,7.72,0,0,0,0,0.0,0.0,0,46,7,18,2.86,205,[],0,0,0,0,0,0,34,0,win,False,5.59,78.2,53.6,56.5,78.5,44.0,79.2,51.9,0.0,0.0,0.0,0.0,,0.0,100.0,100.0,0.0,0.0,0.0,0.0,0.0,0.0,,,,,,
Alpha Maůn,Uditon,CDM,ball_winning_mid,24,Tolandian,False,26,"strong, interceptor",right,False,72.0,,,,0.0,False,home,Udi-park,0,0,0,0,0,0,0,0,0,0,0,0,0,0,0,0,0,0,0,0,0.0,0.0,0.0,0.0,0.0,0.0,0.0,0.0,27,20,23,17,4,3,1,0,13,5,4,0,0,0,1,5,12,11,3,2,17,9,0,0,0,0,0,0,0,0,0,0,0,16,0,7,9,32.373,0.0,0.0,5,5,0,6,0,0,0,0,0,0,0.0,0,0,0,0,0,0,0,0,0,1,1,0,0,1,0,3,3,0,1,0,0,0,0,0,1,0,0,0,0,0,0,0,0,False,0.0,0.0,1,0,0,0,0,0,0,3.75,23.9,51,0,39,12,4,268.1,648.0,556.3,147.6,0.0,9,7,3,3,1,13,1,0,11,12,23,0,5,0.0,0.341,1.238,1.357,0.0,7,7.72,0,0,0,0,0.0,0.0,6,46,7,18,2.86,205,"[{'minute': 76, 'team': 'Uditon', 'player': 'Alpha Maůn', 'is_assist': False, 'shot_outcome': 'miss', 'shooter': 'Fonal Frances', 'start_x': 93.8, 'start_y': 42.8, 'end_x': 95.1, 'end_y': 38.7, 'distance': 4.3}]",14,0,0,2,2,0,27,0,win,False,5.97,72.8,66.4,46.1,68.2,84.9,66.5,59.2,1551.08,0.0,0.0,6.65,0.0,,74.1,73.9,75.0,0.0,0.0,0.0,0.0,0.0,0.0,0.0,0.0,0.0,0.0,0.0
Fonal Frances,Uditon,LB,attacking_fullback,23,Tolandian,False,23,set_piece_defender,left,False,75.0,,,,0.0,False,home,Udi-park,0,0,0,0,0,0,0,0,0,0,0,0,1,0,0,1,0,0,0,0,0.1,0.0,0.1,0.0,0.0,0.0,0.0,0.1,10,6,6,3,4,3,0,2,1,3,3,0,0,0,0,3,5,4,1,1,0,10,0,0,0,0,0,0,0,0,0,0,0,5,1,3,2,38.847,25.522,25.522,1,2,0,6,0,0,0,0,0,0,0.0,0,0,0,0,0,0,0,1,0,2,2,2,1,0,0,0,0,0,0,0,0,0,1,1,0,0,0,0,0,0,0,0,0,False,0.0,0.0,0,1,0,0,0,7,2,3.77,26.0,18,6,3,9,3,231.7,518.4,521.5,145.7,22.7,13,4,0,2,2,6,1,0,6,5,11,0,3,0.0,0.487,0.983,1.062,0.0,7,7.72,1,0,0,0,0.775,3.876,5,46,7,18,2.86,205,[],6,1,0,0,0,0,24,0,win,False,6.04,65.1,83.6,45.0,70.6,67.2,58.8,60.7,1419.12,7.0,0.0,7.23,0.0,,60.0,50.0,75.0,0.0,0.0,0.0,0.0,0.0,0.0,0.0,0.0,0.0,0.0,0.0
Angel Donald,Uditon,CAM,progressive_midfielder,28,Tolandian,False,0,press_breaker,left,False,,,,,0.0,False,home,Udi-park,0,0,0,0,0,0,0,0,0,0,0,0,0,0,0,0,0,0,0,0,0.0,0.0,0.0,0.0,0.0,0.0,0.0,0.0,0,0,0,0,0,0,0,0,0,0,0,0,0,0,0,0,0,0,0,0,0,0,0,0,0,0,0,0,0,0,0,0,0,0,0,0,0,0.0,0.0,0.0,0,0,0,0,0,0,0,0,0,0,0.0,0,0,0,0,0,0,0,0,0,0,0,0,0,0,0,0,0,0,0,0,0,0,0,0,0,0,0,0,0,0,0,0,0,False,0.0,0.0,0,0,0,0,0,0,0,0.0,36.0,0,0,0,0,0,0.0,0.0,0.0,0.0,0.0,0,0,0,0,0,0,0,0,0,0,0,0,0,0.0,0.0,0.0,0.0,0.0,7,7.72,0,0,0,0,0.0,0.0,0,46,7,18,2.86,205,[],0,0,0,0,0,0,0,0,win,False,6.03,76.5,76.8,55.4,82.2,48.2,83.7,62.0,0.0,0.0,0.0,0.0,,,0.0,0.0,0.0,0.0,0.0,0.0,0.0,0.0,,,,,,
Hunő Grant,Uditon,CB,sweeper_cb,30,Tolandian,False,0,sweeper_cb,right,False,,,,,0.0,False,home,Udi-park,0,0,0,0,0,0,0,0,0,0,0,0,0,0,0,0,0,0,0,0,0.0,0.0,0.0,0.0,0.0,0.0,0.0,0.0,0,0,0,0,0,0,0,0,0,0,0,0,0,0,0,0,0,0,0,0,0,0,0,0,0,0,0,0,0,0,0,0,0,0,0,0,0,0.0,0.0,0.0,0,0,0,0,0,0,0,0,0,0,0.0,0,0,0,0,0,0,0,0,0,0,0,0,0,0,0,0,0,0,0,0,0,0,0,0,0,0,0,0,0,0,0,0,0,False,0.0,0.0,0,0,0,0,0,0,0,0.0,36.0,0,0,0,0,0,0.0,0.0,0.0,0.0,0.0,0,0,0,0,0,0,0,0,0,0,0,0,0,0.0,0.0,0.0,0.0,0.0,7,7.72,0,0,0,0,0.0,0.0,0,46,7,18,2.86,205,[],0,0,0,0,0,0,0,0,win,False,6.03,75.8,76.8,48.5,57.2,76.9,50.2,50.8,0.0,0.0,0.0,0.0,,,0.0,0.0,0.0,0.0,0.0,0.0,0.0,0.0,,,,,,
Jared Gomer,Uditon,CB,ball_playing_cb,28,Tolandian,False,0,ball_playing_cb,right,False,,,,,0.0,False,home,Udi-park,0,0,0,0,0,0,0,0,0,0,0,0,0,0,0,0,0,0,0,0,0.0,0.0,0.0,0.0,0.0,0.0,0.0,0.0,0,0,0,0,0,0,0,0,0,0,0,0,0,0,0,0,0,0,0,0,0,0,0,0,0,0,0,0,0,0,0,0,0,0,0,0,0,0.0,0.0,0.0,0,0,0,0,0,0,0,0,0,0,0.0,0,0,0,0,0,0,0,0,0,0,0,0,0,0,0,0,0,0,0,0,0,0,0,0,0,0,0,0,0,0,0,0,0,False,0.0,0.0,0,0,0,0,0,0,0,0.0,33.8,0,0,0,0,0,0.0,0.0,0.0,0.0,0.0,0,0,0,0,0,0,0,0,0,0,0,0,0,0.0,0.0,0.0,0.0,0.0,7,7.72,0,0,0,0,0.0,0.0,0,46,7,18,2.86,205,[],0,0,0,0,0,0,0,0,win,False,6.03,71.9,60.1,56.5,80.2,77.5,72.9,84.7,0.0,0.0,0.0,0.0,,,0.0,0.0,0.0,0.0,0.0,0.0,0.0,0.0,,,,,,
Quinter Norčh,Uditon,CB,ball_playing_cb,24,Tolandian,False,0,ball_playing_cb,right,False,,,,,0.0,False,home,Udi-park,0,0,0,0,0,0,0,0,0,0,0,0,0,0,0,0,0,0,0,0,0.0,0.0,0.0,0.0,0.0,0.0,0.0,0.0,0,0,0,0,0,0,0,0,0,0,0,0,0,0,0,0,0,0,0,0,0,0,0,0,0,0,0,0,0,0,0,0,0,0,0,0,0,0.0,0.0,0.0,0,0,0,0,0,0,0,0,0,0,0.0,0,0,0,0,0,0,0,0,0,0,0,0,0,0,0,0,0,0,0,0,0,0,0,0,0,0,0,0,0,0,0,0,0,False,0.0,0.0,0,0,0,0,0,0,0,0.0,33.6,0,0,0,0,0,0.0,0.0,0.0,0.0,0.0,0,0,0,0,0,0,0,0,0,0,0,0,0,0.0,0.0,0.0,0.0,0.0,7,7.72,0,0,0,0,0.0,0.0,0,46,7,18,2.86,205,[],0,0,0,0,0,0,0,0,win,False,6.03,71.0,58.2,34.7,85.7,70.6,71.3,80.1,0.0,0.0,0.0,0.0,,,0.0,0.0,0.0,0.0,0.0,0.0,0.0,0.0,,,,,,
Roy Giveth,Justice,GK,shot_stopper,24,Tolandian,True,98,,right,False,,,,,0.0,False,away,Udi-park,0,0,0,0,0,0,0,0,0,0,0,0,0,0,0,0,0,0,0,0,0.0,0.0,0.0,0.0,0.0,0.0,0.0,0.0,43,35,37,30,6,5,0,33,0,0,0,0,0,0,2,0,38,3,2,1,21,19,0,0,0,0,0,0,0,0,0,0,0,19,0,19,0,20.97,0.0,0.0,0,0,18,8,0,0,0,0,0,0,0.0,0,0,0,0,0,0,0,1,0,0,0,1,0,0,0,0,0,0,0,0,0,0,0,0,0,5,3,0,0,0,5,0,0,False,1.702,-1.298,1,0,0,0,0,0,0,2.9,23.8,74,74,0,0,0,4451.3,1058.4,201.7,163.3,5.3,11,8,5,2,0,15,1,0,39,0,39,0,0,0.0,-5.705,-5.038,-5.04,-1.06,19,42.0,0,0,1,0,0.366,5.13,14,47,8,9,2.75,197,"[{'minute': 50, 'team': 'Justice', 'player': 'Roy Giveth', 'is_assist': False, 'shot_outcome': 'save', 'shooter': 'Judas Marh', 'start_x': 98.5, 'start_y': 32.7, 'end_x': 97.4, 'end_y': 29.6, 'distance': 3.3}]",17,5,0,0,0,5,0,93,loss,False,5.24,73.8,66.2,55.3,53.6,54.4,66.4,70.5,94.98,0.0,0.0,6.61,0.0,62.5,81.4,81.1,83.3,0.0,0.0,0.0,0.0,0.0,0.0,0.0,0.0,0.0,0.0,0.0
Yannick Vorshell,Justice,CB,stopper_cb,24,Tolandian,True,64,two_footed,both,True,,64.0,,,0.0,False,away,Udi-park,0,0,0,0,0,0,0,0,0,0,0,0,0,0,0,0,0,0,0,0,0.0,0.0,0.0,0.0,0.0,0.0,0.0,0.0,24,21,19,16,5,5,0,6,8,3,0,0,0,0,4,5,6,12,6,0,18,2,0,0,0,0,0,0,0,0,0,0,0,19,0,11,8,49.523,0.0,0.0,2,0,1,13,0,0,0,0,0,0,0.0,0,0,0,0,0,0,0,0,0,0,0,6,0,0,0,1,1,0,0,0,0,0,0,0,0,0,0,0,0,0,0,0,0,False,0.0,0.0,2,1,0,0,0,8,3,11.9,25.2,50,21,25,4,0,1550.9,2469.6,1622.7,204.8,32.0,18,3,1,2,0,6,0,0,2,2,4,0,0,0.0,0.56,1.529,1.57,0.0,19,42.0,0,0,0,0,0.565,7.908,14,47,8,9,2.75,197,[],10,0,0,0,0,5,0,93,loss,False,5.86,67.5,56.7,41.3,59.9,80.5,65.0,63.8,6293.32,8.0,0.0,7.01,0.0,,87.5,84.2,100.0,0.0,0.0,0.0,0.0,0.0,,,,,,
Joṃ Mulov,Justice,CB,stopper_cb,23,Tolandian,True,40,,left,False,,40.0,,,0.0,False,away,Udi-park,0,0,0,0,0,0,0,0,0,0,0,0,2,0,0,0,2,0,0,0,0.157,0.0,0.157,0.0,0.0,0.0,0.0,0.157,16,14,13,11,3,3,0,6,6,0,0,0,0,0,2,0,4,5,3,0,3,11,0,0,0,0,0,0,0,0,0,0,0,6,0,2,4,9.604,0.0,0.0,2,0,1,12,0,0,0,0,0,0,0.0,0,0,0,0,0,0,0,3,0,3,3,3,0,4,3,0,0,0,1,0,0,0,3,0,0,0,0,0,0,0,0,0,0,False,0.0,0.0,0,0,0,0,0,0,0,12.15,26.3,26,16,3,7,0,1551.6,2469.6,1683.1,175.7,0.0,11,2,1,4,3,7,0,0,13,0,13,0,1,0.0,0.353,1.186,1.185,0.0,19,42.0,0,0,0,0,0.726,4.356,6,47,8,9,2.75,197,[],10,1,0,3,3,5,0,93,loss,False,6.06,69.1,64.0,38.2,64.5,81.1,65.1,50.4,6329.17,0.0,0.0,7.3,0.0,,87.5,84.6,100.0,0.0,0.0,75.0,0.0,0.0,0.0,0.0,0.0,0.0,0.0,0.0
Lesley Lehton,Justice,LB,attacking_fullback,27,Tolandian,True,98,,left,False,,,,,0.0,False,away,Udi-park,0,0,0,0,0,0,0,0,0,0,0,0,0,0,0,0,0,0,0,0,0.0,0.0,0.0,0.0,0.0,0.0,0.0,0.0,56,46,43,37,13,9,2,18,21,2,2,0,0,0,3,4,17,30,6,2,5,48,0,0,0,0,0,0,0,0,0,0,0,25,1,21,4,82.946,22.868,22.868,0,0,1,13,0,0,0,0,0,0,0.0,0,0,0,0,2,2,3,5,0,4,4,16,1,1,0,1,1,2,1,3,2,0,4,0,0,0,0,0,0,0,0,0,0,False,0.0,0.0,1,2,0,0,2,41,18,15.78,28.7,97,45,48,4,1,822.5,2116.8,2134.4,620.3,186.0,72,10,6,4,9,22,3,0,12,5,17,5,2,10.712,2.93,5.407,5.527,1.388,19,42.0,1,0,1,0,0.729,13.846,19,47,8,9,2.75,197,"[{'minute': 78, 'team': 'Justice', 'player': 'Lesley Lehton', 'is_assist': False, 'shot_outcome': 'miss', 'shooter': 'Chris Livre', 'start_x': 62.9, 'start_y': 26.3, 'end_x': 40.1, 'end_y': 25.4, 'distance': 22.9}]",26,1,0,5,8,5,0,93,loss,False,6.5,64.6,80.5,58.4,71.1,70.6,68.7,51.4,6605.07,41.0,0.0,7.96,0.0,,82.1,86.0,69.2,0.0,100.0,0.0,0.0,0.0,0.0,0.0,0.0,0.0,0.0,0.0
Lovri Paresy,Justice,RB,attacking_fullback,19,Tolandian,True,98,,right,True,,,,,0.0,False,away,Udi-park,0,0,0,0,0,0,0,0,0,0,0,0,0,0,0,0,0,0,0,0,0.0,0.0,0.0,0.0,0.0,0.0,0.0,0.0,45,36,38,30,7,6,1,17,15,2,0,0,0,0,1,2,17,19,8,4,34,10,0,0,0,1,1,0,0,1,1,0,0,29,1,22,7,93.945,20.766,20.766,1,0,7,18,0,0,0,0,0,0,0.0,0,0,0,0,2,2,0,3,1,5,5,12,0,3,1,1,1,2,2,2,0,0,5,0,0,0,0,0,0,0,0,0,0,False,0.0,0.0,0,1,0,0,0,27,12,16.2,28.3,87,53,30,4,0,857.5,2116.8,2185.7,593.3,126.7,60,9,3,3,7,15,3,0,18,12,30,2,1,0.0,0.525,2.236,2.237,0.157,19,42.0,0,0,2,0,0.58,12.763,22,47,8,9,2.75,197,"[{'minute': 63, 'team': 'Justice', 'player': 'Lovri Paresy', 'is_assist': False, 'shot_outcome': 'woodwork', 'shooter': 'Nǿǿxy', 'start_x': 58.4, 'start_y': 56.2, 'end_x': 37.6, 'end_y': 54.0, 'distance': 20.9}, {'minute': 93, 'team': 'Justice', 'player': 'Lovri Paresy', 'is_assist': False, 'shot_outcome': 'miss', 'shooter': 'Judas Marh', 'start_x': 33.1, 'start_y': 18.1, 'end_x': 30.7, 'end_y': 15.1, 'distance': 3.8}]",18,2,0,6,8,5,0,93,loss,False,6.24,64.1,77.6,53.3,76.6,66.0,62.2,61.9,7149.07,27.0,0.0,7.85,0.0,,80.0,78.9,85.7,0.0,100.0,33.3,100.0,0.0,0.0,0.0,0.0,0.0,0.0,0.0
Judas Marh,Justice,CDM,anchor,22,Tolandian,True,98,,right,False,,,,,0.0,False,away,Udi-park,0,0,0,0,0,0,0,0,0,0,0,1,1,0,0,1,1,0,0,0,0.251,0.0,0.251,0.0,0.0,0.0,0.0,0.251,46,39,38,32,8,7,1,12,21,5,1,0,0,0,0,2,14,19,7,0,34,12,0,0,0,0,0,0,0,0,0,0,0,14,1,7,7,42.218,14.923,14.923,1,0,2,23,0,0,0,0,0,0,0.0,0,0,0,0,1,0,2,2,0,2,2,25,2,1,1,0,0,0,1,1,1,0,2,0,0,0,0,0,0,0,0,0,0,False,0.0,0.0,2,2,0,0,1,14,5,13.88,25.8,73,31,36,6,0,1140.9,2352.0,1958.9,368.2,60.0,34,7,0,3,4,11,2,0,13,10,23,2,0,9.38,1.349,3.97,4.169,0.0,19,42.0,1,0,0,0,0.589,5.894,10,47,8,9,2.75,197,[],12,0,0,4,5,5,0,93,loss,False,6.18,63.7,60.5,47.0,74.6,73.2,49.4,62.4,7581.67,14.0,0.0,7.16,0.0,,84.8,84.2,87.5,0.0,0.0,100.0,0.0,0.0,0.0,0.0,0.0,0.0,0.0,0.0
Kim Beno,Justice,CM,box_to_box,24,Tolandian,True,98,,right,False,,,,,0.0,False,away,Udi-park,0,0,0,0,0,0,0,0,0,0,0,0,0,0,0,0,0,0,0,0,0.0,0.0,0.0,0.0,0.0,0.0,0.0,0.0,36,24,28,18,8,6,0,11,13,0,0,1,0,0,0,2,14,15,5,3,25,11,0,0,0,0,0,0,0,0,0,0,0,17,0,15,2,41.97,0.0,0.0,0,0,6,28,0,0,0,0,0,0,0.0,1,1,1,0,0,0,1,2,5,3,3,26,0,3,2,1,1,0,1,0,1,0,2,1,0,0,0,0,0,0,0,0,0,False,0.0,0.0,1,1,0,0,0,12,4,16.77,27.7,63,33,29,1,0,870.4,2116.8,2190.7,654.0,48.0,51,12,0,8,4,20,1,1,20,4,24,0,0,0.0,-0.135,1.408,1.448,-1.19,19,42.0,0,0,1,0,0.735,9.557,13,47,8,9,2.75,197,"[{'minute': 79, 'team': 'Justice', 'player': 'Kim Beno', 'is_assist': False, 'shot_outcome': 'miss', 'shooter': 'Chris Livre', 'start_x': 94.3, 'start_y': 37.0, 'end_x': 93.2, 'end_y': 37.2, 'distance': 1.2}]",21,1,0,5,5,5,0,93,loss,False,6.33,69.1,73.7,61.7,72.1,78.0,50.2,53.8,7107.46,12.0,0.0,7.69,0.0,,66.7,64.3,75.0,0.0,0.0,66.7,0.0,0.0,0.0,1.0,0.0,0.0,0.0,0.0
Paul Weston,Justice,CM,box_to_box,22,Tolandian,True,98,two_footed,both,True,,,,,0.0,False,away,Udi-park,0,0,0,0,0,0,0,0,0,0,0,0,1,0,0,1,0,0,0,0,0.095,0.0,0.095,0.0,0.0,0.0,0.0,0.095,37,27,31,21,6,6,2,8,12,2,0,0,0,0,3,4,17,15,5,3,21,13,0,0,0,0,0,0,0,0,0,0,0,16,1,9,7,51.342,12.648,12.648,1,0,2,24,0,0,0,0,0,0,0.0,0,0,0,0,0,0,0,0,0,1,1,20,0,1,0,0,0,0,1,0,0,0,1,0,0,0,0,0,0,0,0,0,0,False,0.0,0.0,0,0,0,0,1,8,3,16.77,27.5,64,24,36,4,0,925.4,2116.8,2170.3,631.0,36.4,48,10,4,6,1,21,0,0,22,0,22,0,0,59.383,0.932,2.499,2.579,0.615,19,42.0,1,0,0,0,0.73,8.027,11,47,8,9,2.75,197,[],23,2,0,6,6,5,0,93,loss,False,5.88,66.1,72.8,65.7,78.3,63.8,62.6,56.6,7774.64,8.0,0.0,7.65,0.0,,73.0,67.7,100.0,0.0,0.0,0.0,0.0,0.0,0.0,0.0,0.0,0.0,0.0,0.0
Nǿǿxy,Justice,LW,inverted_winger,27,Tolandian,True,66,"dribbler, nutmeg_king, two_footed",both,False,,66.0,,,0.0,False,away,Udi-park,0,0,0,0,0,0,0,0,0,0,0,0,0,0,1,0,1,0,0,0,0.045,0.0,0.045,0.0,0.0,0.0,0.0,0.045,11,6,11,6,0,0,0,1,3,2,0,1,0,0,0,1,2,7,2,1,8,3,0,0,0,0,0,0,0,0,0,0,0,8,3,3,5,43.726,30.079,10.026,2,0,0,10,0,0,0,0,0,0,0.0,1,1,1,0,1,1,2,1,0,0,0,14,1,0,0,0,0,0,0,2,1,0,0,0,0,0,0,0,0,0,0,0,0,False,0.0,0.0,0,0,0,0,0,26,11,17.22,29.8,22,5,11,6,0,806.0,1881.6,2352.3,724.1,116.0,67,5,1,1,3,7,1,0,3,1,4,0,0,0.0,-0.031,-0.193,-0.152,0.0,19,42.0,0,0,0,0,0.871,6.1,7,47,8,9,2.75,197,[],8,0,0,3,5,5,0,93,loss,False,6.31,76.6,88.2,81.6,59.1,44.7,55.0,81.1,7910.85,26.0,0.0,8.27,0.0,,54.5,54.5,0.0,0.0,100.0,0.0,0.0,0.0,0.0,1.0,0.0,0.0,0.0,0.0
Basel Coudey,Justice,RW,traditional_winger,20,Tolandian,True,98,,right,False,,,,,0.0,False,away,Udi-park,0,0,0,0,0,0,0,0,0,0,0,0,1,0,0,0,1,0,0,0,0.015,0.0,0.015,0.0,0.0,0.0,0.0,0.015,17,11,16,10,1,1,0,4,7,0,0,1,0,0,0,0,8,7,1,1,17,0,0,0,0,1,1,0,0,1,1,0,0,41,1,25,16,166.981,19.337,19.337,8,3,2,16,1,1,0,1,0,0,6.425,1,0,1,0,1,1,2,0,0,2,2,16,3,1,0,1,1,0,1,0,3,0,1,1,0,0,0,0,0,0,0,0,0,False,0.0,0.0,1,2,0,0,0,25,12,17.73,28.4,64,30,22,12,1,708.5,1872.9,2351.2,822.2,125.2,75,6,2,4,5,12,3,0,5,8,13,0,0,0.0,-0.493,-0.226,-0.227,0.0,19,42.0,1,0,0,0,0.91,32.759,36,47,8,9,2.75,197,[],12,0,0,3,4,5,0,93,loss,False,6.08,63.7,78.9,32.2,50.9,50.2,57.5,48.1,7556.26,25.0,0.0,7.9,0.0,,64.7,62.5,100.0,100.0,100.0,0.0,100.0,0.0,0.0,1.0,0.0,0.0,0.0,0.0
Chris Livre,Justice,ST,complete_striker,23,Tolandian,True,98,two_footed,both,False,,,,,0.0,False,away,Udi-park,1,0,0,1,0,0,1,0,0,0,0,2,3,0,0,3,2,0,0,0,0.454,0.0,0.59,0.0,0.0,0.0,0.0,0.59,14,11,9,8,5,3,1,3,4,2,0,0,0,0,1,0,6,7,1,2,10,3,0,0,0,0,0,0,0,0,0,0,0,9,2,7,2,59.7,44.181,22.091,1,0,0,17,0,0,0,0,0,0,0.0,0,0,0,0,1,1,3,2,0,2,2,23,3,2,1,0,0,0,1,1,3,0,2,0,0,0,0,0,0,0,0,0,0,False,0.0,0.0,0,1,0,0,1,52,22,17.2,29.5,27,6,16,5,0,920.6,2234.4,2018.3,478.0,228.7,69,3,4,2,6,10,3,0,15,2,17,0,0,34.635,-0.002,0.751,0.753,0.75,19,42.0,2,0,1,0,0.795,5.566,7,47,8,9,2.75,197,"[{'minute': 38, 'team': 'Justice', 'player': 'Chris Livre', 'is_assist': False, 'shot_outcome': 'miss', 'shooter': 'Joṃ Mulov', 'start_x': 56.0, 'start_y': 49.3, 'end_x': 33.9, 'end_y': 53.4, 'distance': 22.5}]",11,0,0,2,3,5,0,93,loss,False,7.53,88.5,86.1,97.6,88.3,63.6,62.7,90.8,11738.03,52.0,0.0,8.19,0.0,,78.6,88.9,60.0,0.0,100.0,50.0,0.0,20.0,0.0,0.0,0.0,0.0,0.0,0.0
B. Gary,Justice,GK,shot_stopper,37,Tolandian,False,32,,right,False,66.0,,,,0.0,False,away,Udi-park,0,0,0,0,0,0,0,0,0,0,0,0,0,0,0,0,0,0,0,0,0.0,0.0,0.0,0.0,0.0,0.0,0.0,0.0,0,0,0,0,0,0,0,0,0,0,0,0,0,0,0,0,0,0,0,0,0,0,0,0,0,0,0,0,0,0,0,0,0,0,0,0,0,0.0,0.0,0.0,0,0,0,2,0,0,0,0,0,0,0.0,0,0,0,0,0,0,0,0,0,0,0,0,0,0,0,0,0,0,0,0,0,0,0,0,0,0,3,0,0,0,0,0,0,False,1.702,-1.298,1,0,0,0,0,0,0,0.97,28.0,0,0,0,0,0,1573.2,356.4,42.8,4.8,2.9,0,0,0,0,0,0,0,0,0,0,0,0,0,0.0,0.0,0.0,0.0,0.0,19,42.0,0,0,0,0,0.0,0.0,0,47,8,9,2.75,197,[],0,0,0,0,0,0,0,33,loss,False,5.27,65.7,46.2,49.1,52.5,46.3,55.4,78.3,0.0,0.0,0.0,0.0,,0.0,0.0,0.0,0.0,0.0,0.0,0.0,0.0,0.0,,,,,,
Marlen Levik,Justice,CB,stopper_cb,27,Tolandian,False,58,two_footed,both,False,40.0,,,,0.0,False,away,Udi-park,0,1,0,0,0,0,0,1,0,0,0,0,1,0,0,1,0,0,0,0,0.141,0.136,0.141,0.0,0.0,0.136,0.0,0.141,33,27,28,24,5,3,1,1,15,6,4,1,0,0,4,6,7,16,7,1,21,8,0,0,0,0,0,0,0,0,0,0,0,15,3,6,9,60.942,38.613,15.731,3,1,0,4,0,0,0,0,0,0,0.0,2,0,2,0,0,0,2,1,0,1,1,3,0,1,0,1,1,0,1,0,2,0,1,0,0,0,0,0,0,0,0,0,0,False,0.0,0.0,0,0,0,0,0,0,0,6.9,23.9,57,3,32,22,3,854.6,1486.8,1041.5,157.1,0.0,10,6,0,2,3,8,3,0,12,16,28,0,2,12.36,0.294,1.212,1.412,0.0,19,42.0,3,0,2,1,0.651,7.163,11,47,8,9,2.75,197,"[{'minute': 81, 'team': 'Justice', 'player': 'Marlen Levik', 'is_assist': True, 'shot_outcome': 'goal', 'shooter': 'Chris Livre', 'start_x': 79.9, 'start_y': 24.0, 'end_x': 68.4, 'end_y': 26.8, 'distance': 11.8}, {'minute': 86, 'team': 'Justice', 'player': 'Marlen Levik', 'is_assist': False, 'shot_outcome': 'miss', 'shooter': 'Chris Livre', 'start_x': 73.7, 'start_y': 35.3, 'end_x': 62.3, 'end_y': 37.2, 'distance': 11.6}]",13,2,0,5,5,0,0,59,loss,False,6.5,70.6,62.4,46.3,59.3,90.5,56.7,61.8,2897.53,0.0,0.0,6.65,0.0,,81.8,85.7,60.0,0.0,0.0,0.0,0.0,0.0,1.0,1.0,0.0,0.0,0.0,0.0
Van Skimms,Justice,LB,attacking_fullback,25,Tolandian,False,0,two_footed,both,False,,,,,0.0,False,away,Udi-park,0,0,0,0,0,0,0,0,0,0,0,0,0,0,0,0,0,0,0,0,0.0,0.0,0.0,0.0,0.0,0.0,0.0,0.0,0,0,0,0,0,0,0,0,0,0,0,0,0,0,0,0,0,0,0,0,0,0,0,0,0,0,0,0,0,0,0,0,0,0,0,0,0,0.0,0.0,0.0,0,0,0,0,0,0,0,0,0,0,0.0,0,0,0,0,0,0,0,0,0,0,0,0,0,0,0,0,0,0,0,0,0,0,0,0,0,0,0,0,0,0,0,0,0,False,0.0,0.0,0,0,0,0,0,0,0,0.0,36.2,0,0,0,0,0,0.0,0.0,0.0,0.0,0.0,0,0,0,0,0,0,0,0,0,0,0,0,0,0.0,0.0,0.0,0.0,0.0,19,42.0,0,0,0,0,0.0,0.0,0,47,8,9,2.75,197,[],0,0,0,0,0,0,0,0,loss,False,5.97,61.4,78.7,41.0,72.1,67.1,53.3,54.7,0.0,0.0,0.0,0.0,,,0.0,0.0,0.0,0.0,0.0,0.0,0.0,0.0,,,,,,
Abdeen Akra,Justice,CB,stopper_cb,27,Tolandian,False,34,,left,False,64.0,,,,0.0,False,away,Udi-park,0,0,0,0,0,0,0,0,0,0,0,0,0,0,0,0,0,0,0,0,0.0,0.0,0.0,0.0,0.0,0.0,0.0,0.0,11,10,10,9,1,1,1,8,1,0,0,0,0,0,0,0,5,6,0,1,1,10,0,0,0,0,0,0,0,0,0,0,0,6,0,6,0,14.337,0.0,0.0,0,0,4,3,0,0,0,0,0,0,0.0,0,0,0,0,0,0,1,5,1,4,4,1,0,2,2,0,0,0,0,1,0,0,4,0,0,0,0,0,0,0,0,0,0,False,0.0,0.0,0,0,0,0,0,0,0,4.11,23.9,20,14,5,1,0,548.6,882.0,591.5,77.9,0.0,5,1,1,1,5,3,1,0,11,3,14,2,0,0.0,-0.094,-0.103,-0.103,0.0,19,42.0,0,0,1,0,0.587,2.349,4,47,8,9,2.75,197,"[{'minute': 73, 'team': 'Justice', 'player': 'Abdeen Akra', 'is_assist': False, 'shot_outcome': 'miss', 'shooter': 'Basel Coudey', 'start_x': 98.4, 'start_y': 31.8, 'end_x': 97.2, 'end_y': 29.3, 'distance': 2.8}]",5,1,0,0,0,0,0,35,loss,False,6.14,70.3,55.4,48.3,67.5,88.4,53.9,61.0,1897.66,0.0,0.0,6.65,0.0,,90.9,90.0,100.0,0.0,0.0,100.0,0.0,0.0,0.0,0.0,0.0,0.0,0.0,0.0
Noim Ekei,Justice,CB,stopper_cb,23,Tolandian,False,0,,right,False,,,,,0.0,False,away,Udi-park,0,0,0,0,0,0,0,0,0,0,0,0,0,0,0,0,0,0,0,0,0.0,0.0,0.0,0.0,0.0,0.0,0.0,0.0,0,0,0,0,0,0,0,0,0,0,0,0,0,0,0,0,0,0,0,0,0,0,0,0,0,0,0,0,0,0,0,0,0,0,0,0,0,0.0,0.0,0.0,0,0,0,0,0,0,0,0,0,0,0.0,0,0,0,0,0,0,0,0,0,0,0,0,0,0,0,0,0,0,0,0,0,0,0,0,0,0,0,0,0,0,0,0,0,False,0.0,0.0,0,0,0,0,0,0,0,0.0,33.9,0,0,0,0,0,0.0,0.0,0.0,0.0,0.0,0,0,0,0,0,0,0,0,0,0,0,0,0,0.0,0.0,0.0,0.0,0.0,19,42.0,0,0,0,0,0.0,0.0,0,47,8,9,2.75,197,[],0,0,0,0,0,0,0,0,loss,False,5.97,67.6,60.7,36.7,62.1,80.8,63.2,53.0,0.0,0.0,0.0,0.0,,,0.0,0.0,0.0,0.0,0.0,0.0,0.0,0.0,,,,,,
Joni Dueĺĺ,Justice,RB,attacking_fullback,18,Tolandian,False,0,,right,False,,,,,0.0,False,away,Udi-park,0,0,0,0,0,0,0,0,0,0,0,0,0,0,0,0,0,0,0,0,0.0,0.0,0.0,0.0,0.0,0.0,0.0,0.0,0,0,0,0,0,0,0,0,0,0,0,0,0,0,0,0,0,0,0,0,0,0,0,0,0,0,0,0,0,0,0,0,0,0,0,0,0,0.0,0.0,0.0,0,0,0,0,0,0,0,0,0,0,0.0,0,0,0,0,0,0,0,0,0,0,0,0,0,0,0,0,0,0,0,0,0,0,0,0,0,0,0,0,0,0,0,0,0,False,0.0,0.0,0,0,0,0,0,0,0,0.0,34.5,0,0,0,0,0,0.0,0.0,0.0,0.0,0.0,0,0,0,0,0,0,0,0,0,0,0,0,0,0.0,0.0,0.0,0.0,0.0,19,42.0,0,0,0,0,0.0,0.0,0,47,8,9,2.75,197,[],0,0,0,0,0,0,0,0,loss,False,5.97,54.9,65.1,46.5,65.6,60.2,57.5,47.0,0.0,0.0,0.0,0.0,,,0.0,0.0,0.0,0.0,0.0,0.0,0.0,0.0,,,,,,
Carlo Voven,Justice,LW,traditional_winger,21,Tolandian,False,0,,left,False,,,,,0.0,False,away,Udi-park,0,0,0,0,0,0,0,0,0,0,0,0,0,0,0,0,0,0,0,0,0.0,0.0,0.0,0.0,0.0,0.0,0.0,0.0,0,0,0,0,0,0,0,0,0,0,0,0,0,0,0,0,0,0,0,0,0,0,0,0,0,0,0,0,0,0,0,0,0,0,0,0,0,0.0,0.0,0.0,0,0,0,0,0,0,0,0,0,0,0.0,0,0,0,0,0,0,0,0,0,0,0,0,0,0,0,0,0,0,0,0,0,0,0,0,0,0,0,0,0,0,0,0,0,False,0.0,0.0,0,0,0,0,0,0,0,0.0,36.1,0,0,0,0,0,0.0,0.0,0.0,0.0,0.0,0,0,0,0,0,0,0,0,0,0,0,0,0,0.0,0.0,0.0,0.0,0.0,19,42.0,0,0,0,0,0.0,0.0,0,47,8,9,2.75,197,[],0,0,0,0,0,0,0,0,loss,False,5.97,64.0,77.9,38.8,52.0,38.3,62.6,62.6,0.0,0.0,0.0,0.0,,,0.0,0.0,0.0,0.0,0.0,0.0,0.0,0.0,,,,,,
