player,team,position,samples,duration_min,distance_m,distance_km,sprint_distance_m,high_speed_distance_m,hsr_distance_m,sprint_count,high_speed_count,top_speed_mps,top_speed_kmh,sec_standing,sec_walking,sec_jogging,sec_running,sec_sprinting
Adri Vela,Hartwell City,LW,39577,65.96166666666667,5945.1,5.95,227.6,0.0,482.6,26,0,8.45,30.4,1847.0,2102.2,1.8,2.3,2.2
Bart Kuipers,Thornfield United,CB,35178,58.63,5599.7,5.6,91.2,0.0,475.1,6,0,7.13,25.7,1446.8,2047.0,4.5,6.7,12.8
Bruno Reis,Thornfield United,LW,38161,63.601666666666674,6654.3,6.65,386.9,27.0,755.3,34,2,8.7,31.3,1649.4,2153.1,2.5,4.2,3.7
Ciro Mancini,Thornfield United,CB,36974,61.623333333333335,5495.7,5.5,27.6,0.0,431.4,6,0,7.52,27.1,1802.8,1881.5,3.7,5.7,3.7
Darius Frost,Hartwell City,LB,24603,41.005,4492.2,4.49,290.7,0.0,567.0,26,0,8.15,29.4,1170.1,1270.3,3.6,7.7,6.8
Demi Adeola,Thornfield United,CDM,32851,54.75166666666667,6097.2,6.1,41.2,1.0,490.4,12,0,10.37,37.3,1153.8,1794.6,317.3,13.6,5.8
Dragan Novak,Hartwell City,ST,34121,56.86833333333334,5569.1,5.57,326.9,71.2,545.1,29,2,8.68,31.2,1264.1,1816.7,317.4,2.5,8.7
Emeka Obi,Hartwell City,CB,32135,53.55833333333333,4450.1,4.45,13.8,0.0,249.3,2,0,7.26,26.1,1581.8,1626.5,1.3,2.0,1.9
Finn Larsson,Thornfield United,CM,29772,49.620000000000005,5902.0,5.9,341.4,0.0,669.0,35,0,7.83,28.2,1062.8,1611.2,290.5,5.9,3.9
Jide Afolabi,Thornfield United,LB,37794,62.99,6422.6,6.42,405.9,0.0,594.3,34,0,7.86,28.3,1792.2,1967.8,3.1,3.3,9.8
Keano Walsh,Hartwell City,GK,34718,57.86333333333334,91.4,0.09,0.0,0.0,2.5,0,0,6.51,23.4,3471.7,0.0,0.0,0.1,0.0
Kofi Mensah,Hartwell City,CAM,40801,68.00166666666668,6229.0,6.23,26.2,0.0,301.7,4,0,7.29,26.2,1503.0,2177.2,394.2,2.1,3.6
Kwame Asante,Thornfield United,CAM,40080,66.8,7566.8,7.57,413.8,0.0,603.9,46,0,7.82,28.2,1030.6,2464.1,492.7,8.8,8.4
Lee Sung-jin,Thornfield United,RB,34581,57.635000000000005,6137.0,6.14,217.2,0.0,529.7,21,0,7.83,28.2,1724.2,1728.7,1.7,0.9,0.5
Luca Ferrini,Hartwell City,CM,27027,45.045,4525.3,4.53,29.0,0.0,346.3,10,0,7.48,26.9,1047.2,1407.9,236.4,7.3,3.9
Mateo Sanz,Hartwell City,CDM,32431,54.05166666666667,5544.6,5.54,19.5,0.9,328.6,6,0,8.59,30.9,1067.9,1827.5,339.5,5.5,2.7
Nico Strauss,Thornfield United,ST,40423,67.37166666666667,7302.3,7.3,308.6,0.0,542.7,31,0,7.83,28.2,1249.1,2337.3,442.7,7.2,3.1
Pavel Renko,Thornfield United,GK,38358,63.93,76.7,0.08,1.0,1.0,3.0,0,0,9.81,35.3,3835.7,0.0,0.0,0.0,0.1
Percy,Hartwell City,RW,30756,51.260000000000005,6773.9,6.77,393.1,7.8,1034.9,34,2,8.7,31.3,1654.9,1414.1,0.7,1.3,1.4
Rico Alves,Hartwell City,RB,27712,46.186666666666675,5208.2,5.21,247.4,0.0,517.5,16,0,8.13,29.3,1068.0,1689.9,2.4,1.9,7.4
Tariq El-Amin,Thornfield United,RW,42557,70.92833333333333,9251.3,9.25,263.9,0.0,949.0,25,0,7.86,28.3,2333.8,1907.9,3.6,4.4,3.5
Tavish Crane,Hartwell City,CB,30737,51.22833333333334,4472.4,4.47,19.8,0.0,342.5,2,0,7.34,26.4,1275.6,1792.7,1.3,1.4,2.7
